name,datetime,tempmax,tempmin,temp,feelslikemax,feelslikemin,feelslike,dew,humidity,precip,precipprob,precipcover,preciptype,snow,snowdepth,windgust,windspeed,winddir,sealevelpressure,cloudcover,visibility,solarradiation,solarenergy,uvindex,severerisk,sunrise,sunset,moonphase,conditions,description,icon,stations
Mandya,2023-01-01,30,16.3,22.5,28.9,16.3,22.4,13.6,59.3,0,0,0,,0,0,17.6,14.8,84.3,1017.7,43.5,15.5,251.3,21.7,9,10,2023-01-01 6:43:46,2023-01-01 18:07:53,0.3,Partially cloudy,Partly cloudy throughout the day.,partly-cloudy-day,"43289099999,remote,VOMY"
Mandya,2023-01-02,30,17.1,22.6,28.8,17.1,22.3,12.7,56.8,0,0,0,,0,0,23.8,25.9,86.9,1017.1,68.9,17,242.4,20.8,8,10,2023-01-02 6:44:09,2023-01-02 18:08:26,0.34,Partially cloudy,Partly cloudy throughout the day.,partly-cloudy-day,"43289099999,43291099999,remote,VOMY"
Mandya,2023-01-03,29,16.1,22.1,28.8,16.1,22.1,14.5,64.3,0,0,0,,0,0,24.5,20.5,83.4,1017.5,21.2,16.3,256,22.1,9,10,2023-01-03 6:44:31,2023-01-03 18:09:00,0.37,Partially cloudy,Partly cloudy throughout the day.,partly-cloudy-day,"43289099999,remote,VOMY"
Mandya,2023-01-04,29,16.3,21.8,28.5,16.3,21.8,14.9,67.5,0,0,0,,0,0,29.2,25.9,90.1,1016.2,14.9,15.7,256.1,22.2,9,10,2023-01-04 6:44:53,2023-01-04 18:09:34,0.41,Clear,Clear conditions throughout the day.,clear-day,"43289099999,43291099999,remote,VOMY"
Mandya,2023-01-05,29,16,22,28.8,16,22,15.6,69.5,0,0,0,rain,0,0,34.6,27.7,90,1017.1,22.8,15.5,255.4,22,9,10,2023-01-05 6:45:13,2023-01-05 18:10:07,0.44,Partially cloudy,Partly cloudy throughout the day.,partly-cloudy-day,"43289099999,43291099999,remote,VOMY"
Mandya,2023-01-06,29,15.9,21.8,28.5,15.9,21.7,14.8,67.4,0,0,0,,0,0,34.9,25.9,85.7,1017.6,14.1,16.2,254.7,22.1,9,10,2023-01-06 6:45:33,2023-01-06 18:10:41,0.48,Clear,Clear conditions throughout the day.,clear-day,"43289099999,43291099999,remote,VOMY"
Mandya,2023-01-07,29,15.7,21.9,28.8,15.7,21.9,15.6,69.9,0,0,0,,0,0,37.4,22.3,79.8,1017.4,29.5,15.3,251.8,21.6,9,10,2023-01-07 6:45:52,2023-01-07 18:11:15,0.5,Partially cloudy,Becoming cloudy in the afternoon.,partly-cloudy-day,"43289099999,43291099999,remote,VOMY,43263099999"
Mandya,2023-01-08,28,16.7,22,28,16.7,22,14.8,65.9,0,0,0,,0,0,22.7,20.5,70.1,1016.1,17.3,14.9,256.8,22.2,9,10,2023-01-08 6:46:10,2023-01-08 18:11:49,0.54,Clear,Clear conditions throughout the day.,clear-day,"43289099999,43291099999,remote,VOMY"
Mandya,2023-01-09,29,15.9,22,28.5,15.9,21.9,13.2,61,0,0,0,,0,0,25.6,14.8,68.6,1017.1,6.8,15.1,262.8,22.8,9,10,2023-01-09 6:46:27,2023-01-09 18:12:22,0.58,Clear,Clear conditions throughout the day.,clear-day,"43289099999,43291099999,remote,VOMY"
Mandya,2023-01-10,30,13.4,20.9,28.8,13.4,20.7,10.6,54.6,0,0,0,,0,0,28.4,18.4,56.8,1017,16.9,14.9,269.7,23.2,9,10,2023-01-10 6:46:43,2023-01-10 18:12:56,0.61,Clear,Clear conditions throughout the day.,clear-day,"43289099999,43291099999,remote,VOMY"
Mandya,2023-01-11,30,13.9,21.2,28.3,13.9,20.9,10.1,54.6,0,0,0,,0,0,23.4,18.4,66.9,1015.4,5.6,16.9,271,23.4,9,10,2023-01-11 6:46:58,2023-01-11 18:13:29,0.64,Clear,Clear conditions throughout the day.,clear-day,"43289099999,43291099999,remote,VOMY"
Mandya,2023-01-12,30,13.6,21.3,28.5,13.6,21.1,8.2,44.9,0,0,0,,0,0,14.4,14.8,71.3,1014.6,41.9,15.8,270.3,23.3,9,10,2023-01-12 6:47:12,2023-01-12 18:14:03,0.68,Partially cloudy,Becoming cloudy in the afternoon.,partly-cloudy-day,"remote,VOMY,43263099999"
Mandya,2023-01-13,29,14.8,21.1,27.9,14.8,20.9,9.1,48.1,0,0,0,,0,0,13.3,14.8,86.3,1014.7,96,15.3,222.8,19.2,8,10,2023-01-13 6:47:25,2023-01-13 18:14:36,0.71,Overcast,Cloudy skies throughout the day.,cloudy,"43289099999,43291099999,remote,VOMY,43263099999"
Mandya,2023-01-14,31,14.3,21.8,29.2,14.3,21.5,8.6,45.1,0,0,0,,0,0,12.2,18.4,78.5,1014.3,82.3,16.1,255.1,22,9,10,2023-01-14 6:47:37,2023-01-14 18:15:09,0.75,Partially cloudy,Partly cloudy throughout the day.,partly-cloudy-day,"43289099999,remote,VOMY"
Mandya,2023-01-15,30,13.9,21.2,28.2,13.9,21,7.8,44.7,0,0,0,,0,0,10.8,14.8,75.1,1013.4,48,16.6,270.8,23.5,9,10,2023-01-15 6:47:48,2023-01-15 18:15:41,0.75,Partially cloudy,Partly cloudy throughout the day.,partly-cloudy-day,"43289099999,remote,VOMY"
Mandya,2023-01-16,28,14.5,21.5,27.4,14.5,21.4,9.4,48.1,0,0,0,,0,0,10.4,18.4,89.3,1014.3,54.5,15,254.3,22.1,9,10,2023-01-16 6:47:58,2023-01-16 18:16:13,0.81,Partially cloudy,Partly cloudy throughout the day.,partly-cloudy-day,"remote,VOMY"
Mandya,2023-01-17,31,14.5,22.1,29.2,14.5,21.7,9.1,46.6,0,0,0,,0,0,22.3,14.8,85.5,1014.9,41.6,15.9,258,22.1,9,10,2023-01-17 6:48:07,2023-01-17 18:16:45,0.85,Partially cloudy,Partly cloudy throughout the day.,partly-cloudy-day,"43289099999,43291099999,remote,VOMY"
Mandya,2023-01-18,29,14.3,21.7,28,14.3,21.4,9.6,48.6,0,0,0,,0,0,32,22.3,71.5,1016.2,45.1,15.3,264.7,23,9,10,2023-01-18 6:48:15,2023-01-18 18:17:17,0.88,Partially cloudy,Becoming cloudy in the afternoon.,partly-cloudy-day,"43291099999,remote,VOMY"
Mandya,2023-01-19,30,14.3,21.1,28.5,14.3,20.9,10.3,54.5,0,0,0,,0,0,38.9,22.3,77.4,1016.3,60.2,15.9,261.4,22.5,9,10,2023-01-19 6:48:22,2023-01-19 18:17:48,0.91,Partially cloudy,Partly cloudy throughout the day.,partly-cloudy-day,"43289099999,43291099999,remote,VOMY"
Mandya,2023-01-20,28,13.8,20.7,27.4,13.8,20.7,11.8,59.5,0,0,0,,0,0,24.8,22.3,82.7,1016,31.1,16.6,272.1,23.5,9,10,2023-01-20 6:48:28,2023-01-20 18:18:19,0.95,Partially cloudy,Partly cloudy throughout the day.,partly-cloudy-day,"remote,VOMY"
Mandya,2023-01-21,27,16.1,21.5,26.9,16.1,21.4,13.5,62.9,0,0,0,,0,0,30.2,18.4,83.2,1015.5,76.5,14.6,249.7,21.8,9,10,2023-01-21 6:48:32,2023-01-21 18:18:50,0.98,Partially cloudy,Partly cloudy throughout the day.,partly-cloudy-day,"43289099999,43291099999,remote,VOMY,43263099999"
Mandya,2023-01-22,28,15.5,21.6,27.6,15.5,21.6,13,60.2,0,0,0,,0,0,30.6,22.3,82.2,1014.2,39.9,15.1,261.6,22.6,9,10,2023-01-22 6:48:36,2023-01-22 18:19:20,0,Partially cloudy,Partly cloudy throughout the day.,partly-cloudy-day,"43289099999,43291099999,remote,VOMY"
Mandya,2023-01-23,29,15.7,22.5,28.8,15.7,22.4,14.1,61.1,0,0,0,,0,0,37.4,21.6,80.5,1013.1,30.3,16.3,260.1,22.4,9,10,2023-01-23 6:48:38,2023-01-23 18:19:50,0.05,Partially cloudy,Partly cloudy throughout the day.,partly-cloudy-day,"43291099999,remote,VOMY"
Mandya,2023-01-24,27,17.2,21.7,27.6,17.2,21.7,17.4,77.9,0.4,100,12.5,rain,0,0,27.4,14.8,89.7,1013.6,55.5,14,179.8,15.6,8,10,2023-01-24 6:48:40,2023-01-24 18:20:19,0.08,"Rain, Partially cloudy",Partly cloudy throughout the day with afternoon rain.,rain,"43289099999,43291099999,remote,VOMY,43263099999"
Mandya,2023-01-25,29,16.8,22.2,28.8,16.8,22.3,14.5,63.4,0,0,0,,0,0,34.9,15.8,83.2,1013.4,17.1,15.4,270.8,23.4,9,10,2023-01-25 6:48:40,2023-01-25 18:20:47,0.11,Clear,Clear conditions throughout the day.,clear-day,"43289099999,43291099999,remote,VOMY,43263099999"
Mandya,2023-01-26,29,15.7,22.2,28,15.7,21.9,11.9,56.2,0,0,0,,0,0,31.7,14.8,81.2,1013.8,36.2,14.7,266,22.9,9,10,2023-01-26 6:48:39,2023-01-26 18:21:16,0.15,Partially cloudy,Partly cloudy throughout the day.,partly-cloudy-day,"remote,VOMY"
Mandya,2023-01-27,30,15.4,22.2,28.3,15.4,21.9,11.2,54.5,0,0,0,,0,0,28.1,13,77,1013.6,47.4,14.5,237.5,20.5,9,10,2023-01-27 6:48:37,2023-01-27 18:21:43,0.18,Partially cloudy,Partly cloudy throughout the day.,partly-cloudy-day,"43289099999,43291099999,remote,VOMY"
Mandya,2023-01-28,30,15.2,22.3,28.2,15.2,21.9,9.1,47.9,0,0,0,,0,0,36,18.4,75.9,1013.3,10,15.3,280.3,24.2,10,10,2023-01-28 6:48:34,2023-01-28 18:22:11,0.25,Clear,Clear conditions throughout the day.,clear-day,"43289099999,43291099999,remote,VOMY"
Mandya,2023-01-29,30,14.5,22.5,29.1,14.5,22.1,11.1,52.8,0,0,0,,0,0,38.9,25.9,79.3,1012.2,54.3,15.6,264.5,22.8,9,10,2023-01-29 6:48:30,2023-01-29 18:22:37,0.25,Partially cloudy,Partly cloudy throughout the day.,partly-cloudy-day,"43289099999,43291099999,remote,VOMY"
Mandya,2023-01-30,29,16.8,23.1,28.8,16.8,23.2,15.5,64.3,0.1,100,4.17,rain,0,0,35.6,18.4,78.1,1013.3,72.2,15.1,196.3,17,9,10,2023-01-30 6:48:25,2023-01-30 18:23:03,0.28,"Rain, Partially cloudy",Partly cloudy throughout the day with late afternoon rain.,rain,"43289099999,43291099999,remote,VOMY"
Mandya,2023-01-31,29,18.5,23.3,29.1,18.5,23.4,15.9,65.6,0,0,0,,0,0,33.1,16.9,58.7,1013.5,74.1,14.2,197.8,17,8,10,2023-01-31 6:48:19,2023-01-31 18:23:29,0.32,Partially cloudy,Partly cloudy throughout the day.,partly-cloudy-day,"remote,VOMY"
Mandya,2023-02-01,30,16.7,23.6,28.8,16.7,23.3,11.9,50.4,0,0,0,,0,0,24.1,22.3,61.1,1013,75.8,15.7,239.4,20.7,9,10,2023-02-01 6:48:12,2023-02-01 18:23:54,0.35,Partially cloudy,Partly cloudy throughout the day.,partly-cloudy-day,"remote,VOMY"
Mandya,2023-02-02,28,16.9,23,27.1,16.9,22.8,10.9,49.3,0,0,0,,0,0,36,24.1,68.6,1013.5,86.7,15.4,239.5,20.6,9,10,2023-02-02 6:48:03,2023-02-02 18:24:18,0.38,Partially cloudy,Partly cloudy throughout the day.,partly-cloudy-day,"remote,VOMY"
Mandya,2023-02-03,25.7,18.1,22.3,25.7,18.1,22.3,15.1,64.2,0,0,0,,0,0,30.6,18.4,84.6,1013.8,89.3,14.8,198.7,17.2,9,10,2023-02-03 6:47:54,2023-02-03 18:24:42,0.42,Partially cloudy,Partly cloudy throughout the day.,partly-cloudy-day,"43289099999,43291099999,remote,VOMY,43263099999"
Mandya,2023-02-04,31,20.6,25.3,29.8,20.6,25,13.7,50.8,0,0,0,,0,0,31.3,18.4,80.3,1013.5,46.7,14.6,252.6,21.7,9,10,2023-02-04 6:47:43,2023-02-04 18:25:05,0.45,Partially cloudy,Partly cloudy throughout the day.,partly-cloudy-day,"43291099999,remote,VOMY"
Mandya,2023-02-05,32,18.3,24.6,30.1,18.3,24,10,43.6,0,0,0,,0,0,34.2,22.3,83.5,1012.8,28.1,17.6,281.5,24.2,10,10,2023-02-05 6:47:32,2023-02-05 18:25:28,0.5,Partially cloudy,Partly cloudy throughout the day.,partly-cloudy-day,"remote,VOMY"
Mandya,2023-02-06,32.2,17.8,24.2,30.1,17.8,23.6,8.6,40.5,0,0,0,,0,0,15.1,14.8,85,1013,68.7,18,274.7,23.7,9,10,2023-02-06 6:47:19,2023-02-06 18:25:50,0.52,Partially cloudy,Partly cloudy throughout the day.,partly-cloudy-day,"remote,VOMY"
Mandya,2023-02-07,32,17.3,24.7,30.9,17.3,24.4,10.6,42.1,0,0,0,,0,0,8.6,9.4,87.8,1012.9,39.4,15.8,284.8,24.6,10,10,2023-02-07 6:47:06,2023-02-07 18:26:11,0.55,Partially cloudy,Clearing in the afternoon.,partly-cloudy-day,"43289099999,43291099999,remote,VOMY"
Mandya,2023-02-08,31,18.3,24.7,30.4,18.3,24.3,11.9,46.9,0,0,0,,0,0,24.1,22.3,75.5,1013.2,47.2,14.5,281.7,24.3,10,10,2023-02-08 6:46:51,2023-02-08 18:26:32,0.59,Partially cloudy,Partly cloudy throughout the day.,partly-cloudy-day,"43289099999,43291099999,remote,VOMY,43263099999"
Mandya,2023-02-09,32.3,17.8,24.4,30.3,17.8,24,11.3,46.3,0,0,0,,0,0,37.8,22.3,74.6,1013.4,72.4,16.5,287.5,24.9,10,10,2023-02-09 6:46:35,2023-02-09 18:26:52,0.62,Partially cloudy,Partly cloudy throughout the day.,partly-cloudy-day,"43289099999,43291099999,remote,VOMY"
Mandya,2023-02-10,31,17.2,24.3,29.2,17.2,23.7,8.9,42,0,0,0,,0,0,42.5,25.9,76.2,1015,82.8,15.1,269.8,23.4,9,10,2023-02-10 6:46:19,2023-02-10 18:27:11,0.65,Partially cloudy,Partly cloudy throughout the day.,partly-cloudy-day,"43289099999,43291099999,remote,VOMY"
Mandya,2023-02-11,31,16.8,24.1,29.1,16.8,23.6,7.6,37,0,0,0,,0,0,22,16.6,66.9,1015.2,90.7,14.9,281.9,24.3,10,10,2023-02-11 6:46:01,2023-02-11 18:27:30,0.69,Overcast,Cloudy skies throughout the day.,cloudy,"43289099999,43291099999,remote,VOMY"
Mandya,2023-02-12,32,17.5,24.8,29.9,17.5,24.1,7.3,35.7,0,0,0,,0,0,39.6,22.3,73.9,1015.3,64.6,15.4,284.7,24.6,10,10,2023-02-12 6:45:43,2023-02-12 18:27:49,0.72,Partially cloudy,Partly cloudy throughout the day.,partly-cloudy-day,"43289099999,43291099999,remote,VOMY,43263099999"
Mandya,2023-02-13,32,16.9,24.7,31.5,16.9,24.1,6.5,33.5,0,0,0,,0,0,44.6,27.7,77.3,1015,27.9,15.9,297.2,25.8,10,10,2023-02-13 6:45:23,2023-02-13 18:28:06,0.75,Partially cloudy,Partly cloudy throughout the day.,partly-cloudy-day,"43289099999,43291099999,remote,VOMY"
Mandya,2023-02-14,32,16.6,24,30.3,16.6,23.4,6.5,35.3,0,0,0,,0,0,19.4,16.6,71,1014.7,23.1,17,301.5,26.1,10,10,2023-02-14 6:45:03,2023-02-14 18:28:24,0.79,Partially cloudy,Partly cloudy throughout the day.,partly-cloudy-day,"43289099999,43291099999,remote,VOMY"
Mandya,2023-02-15,32.5,16.3,23.9,30.4,16.3,23.3,6.1,34.4,0,0,0,,0,0,37.8,20.5,65,1013.3,2.4,16.5,302.2,26.1,10,10,2023-02-15 6:44:42,2023-02-15 18:28:40,0.83,Clear,Clear conditions throughout the day.,clear-day,"43289099999,43291099999,remote,VOMY"
Mandya,2023-02-16,32.6,16.5,23.9,30.2,16.5,23.3,6.7,37,0,0,0,,0,0,33.8,24.1,76.4,1013.3,7.1,17.6,304,26.3,10,10,2023-02-16 6:44:20,2023-02-16 18:28:56,0.86,Clear,Clear conditions throughout the day.,clear-day,"43289099999,43291099999,remote,VOMY"
Mandya,2023-02-17,31.1,16.5,23.8,29.3,16.5,23.2,7.8,41,0,0,0,,0,0,37.1,18.4,75,1014.2,25.9,16.2,304.3,26.3,10,10,2023-02-17 6:43:57,2023-02-17 18:29:11,0.9,Partially cloudy,Partly cloudy throughout the day.,partly-cloudy-day,"43289099999,43291099999,remote,VOMY"
Mandya,2023-02-18,32,17,24.2,30,17,23.6,8.1,38.4,0,0,0,,0,0,37.1,14.8,62.1,1014.4,6,16.3,299.3,26,10,10,2023-02-18 6:43:33,2023-02-18 18:29:26,0.93,Clear,Clear conditions throughout the day.,clear-day,"43289099999,43291099999,remote,VOMY"
Mandya,2023-02-19,31,17.1,24.3,29.5,17.1,23.9,10.1,42.6,0,0,0,,0,0,12.2,14.8,98.4,1014.5,2.1,15.9,299.7,26,10,10,2023-02-19 6:43:08,2023-02-19 18:29:40,0.96,Clear,Clear conditions throughout the day.,clear-day,"remote,VOMY"
Mandya,2023-02-20,32,17.6,24.7,30.7,17.6,24.4,12,47.8,0,0,0,,0,0,13.7,13,67.6,1014.7,9.1,15.7,299.5,26.1,10,10,2023-02-20 6:42:43,2023-02-20 18:29:54,0,Clear,Clear conditions throughout the day.,clear-day,"43289099999,43291099999,remote,VOMY"
Mandya,2023-02-21,32,18.1,25,30.5,18.1,24.6,9.8,40.3,0,0,0,,0,0,24.8,14.8,73.4,1014.7,4.2,16.1,305.5,26.3,10,10,2023-02-21 6:42:17,2023-02-21 18:30:07,0.03,Clear,Clear conditions throughout the day.,clear-day,"43289099999,remote,VOMY"
Mandya,2023-02-22,32,17.3,24.8,29.8,17.3,24.1,7.5,35.8,0,0,0,,0,0,36.7,24.1,77.3,1014.6,0.7,16.3,310.3,26.8,10,10,2023-02-22 6:41:50,2023-02-22 18:30:19,0.06,Clear,Clear conditions throughout the day.,clear-day,"remote,VOMY"
Mandya,2023-02-23,32,16.2,24.3,29.7,16.2,23.6,6,35.3,0,0,0,,0,0,29.9,22.3,70.3,1014.5,7.5,15.8,314.3,27.1,10,10,2023-02-23 6:41:22,2023-02-23 18:30:31,0.1,Clear,Clear conditions throughout the day.,clear-day,"remote,VOMY"
Mandya,2023-02-24,32,16.6,24.3,30.3,16.6,23.7,6.6,36.2,0,0,0,,0,0,40.7,18.4,72.5,1014.9,16.2,16.7,314.1,27.2,10,10,2023-02-24 6:40:53,2023-02-24 18:30:43,0.13,Clear,Clear conditions throughout the day.,clear-day,"43289099999,43291099999,remote,VOMY"
Mandya,2023-02-25,33,16.7,24.7,30.6,16.7,24,5,31.8,0,0,0,,0,0,40.7,22.3,73.5,1016.4,5.2,16.3,317.9,27.6,10,10,2023-02-25 6:40:24,2023-02-25 18:30:54,0.16,Clear,Clear conditions throughout the day.,clear-day,"43289099999,remote,VOMY"
Mandya,2023-02-26,32,16.4,24.4,29.7,16.4,23.7,5.4,33,0,0,0,,0,0,44.6,25.9,70.6,1017.5,6.9,15.5,316.7,27.5,10,10,2023-02-26 6:39:54,2023-02-26 18:31:04,0.2,Clear,Clear conditions throughout the day.,clear-day,"43289099999,43291099999,remote,VOMY"
Mandya,2023-02-27,30,15.7,23.4,28.1,15.7,22.8,4.9,34,0,0,0,,0,0,27.7,22.3,81.3,1017.7,5.3,16.6,319.8,27.7,10,10,2023-02-27 6:39:24,2023-02-27 18:31:14,0.25,Clear,Clear conditions throughout the day.,clear-day,"43289099999,43291099999,remote,VOMY"
Mandya,2023-02-28,31,15.4,24,29.7,15.4,23.7,9.2,40.5,0,0,0,,0,0,38.9,22.3,88.2,1017,13.8,16.1,301.4,25.9,10,10,2023-02-28 6:38:53,2023-02-28 18:31:24,0.26,Clear,Clear conditions throughout the day.,clear-day,"43289099999,43291099999,remote,VOMY"
Mandya,2023-03-01,31.9,18.9,25.1,30.8,18.9,24.9,14.3,53.2,0,0,0,,0,0,40,22,84.9,1017.1,24.8,14.4,277.5,24.1,10,10,2023-03-01 6:38:21,2023-03-01 18:31:33,0.29,Partially cloudy,Partly cloudy throughout the day.,partly-cloudy-day,"43289099999,43291099999,remote,VOMY"
Mandya,2023-03-02,31,16.5,24.6,28.9,16.5,24,6.7,37.3,0,0,0,,0,0,42.5,29.5,76.9,1017.8,4.2,16.5,317.6,27.5,10,10,2023-03-02 6:37:49,2023-03-02 18:31:42,0.33,Clear,Clear conditions throughout the day.,clear-day,"43289099999,remote,VOMY"
Mandya,2023-03-03,32,15.5,24.3,29.7,15.5,23.6,3.7,29.9,0,0,0,,0,0,44.6,27.7,82.8,1018.4,26.9,16.8,317.1,27.4,10,10,2023-03-03 6:37:16,2023-03-03 18:31:50,0.36,Partially cloudy,Partly cloudy throughout the day.,partly-cloudy-day,"remote,VOMY"
Mandya,2023-03-04,32,16.1,24.6,29.8,16.1,23.9,5.6,34.5,0,0,0,,0,0,44.6,27.7,79.4,1017.7,1.7,17.7,315.6,27.2,10,10,2023-03-04 6:36:43,2023-03-04 18:31:58,0.39,Clear,Clear conditions throughout the day.,clear-day,"43289099999,43291099999,remote,VOMY"
Mandya,2023-03-05,32,17.5,25.3,30,17.5,24.5,7.2,34.3,0,0,0,,0,0,38.5,22.3,86.4,1017.8,5.3,16.2,310.9,26.8,10,10,2023-03-05 6:36:09,2023-03-05 18:32:05,0.43,Clear,Clear conditions throughout the day.,clear-day,"remote,VOMY"
Mandya,2023-03-06,33,17.1,25.4,30.6,17.1,24.6,3.9,28.5,0,0,0,,0,0,40,27.7,86.7,1016.3,27.3,16,317.3,27.5,10,10,2023-03-06 6:35:34,2023-03-06 18:32:12,0.46,Partially cloudy,Partly cloudy throughout the day.,partly-cloudy-day,"43291099999,remote,VOMY"
Mandya,2023-03-07,31,17.8,24.9,28.9,17.8,24.2,4.8,30.2,0,0,0,,0,0,39.6,25.2,86.9,1015.6,71.5,15.7,305.1,26.4,10,10,2023-03-07 6:35:00,2023-03-07 18:32:19,0.5,Partially cloudy,Partly cloudy throughout the day.,partly-cloudy-day,"43289099999,43291099999,remote,VOMY,43263099999"
Mandya,2023-03-08,32,17.8,25,29.8,17.8,24.4,8,37.3,0,0,0,,0,0,48.6,23.4,84,1015.5,41.3,16.3,313.4,26.9,10,10,2023-03-08 6:34:24,2023-03-08 18:32:25,0.53,Partially cloudy,Partly cloudy throughout the day.,partly-cloudy-day,"remote,VOMY"
Mandya,2023-03-09,39,18.1,24.9,36.5,18.1,24.4,8.4,37.3,0,0,0,,0,0,39.6,23,77.3,1015,90,15.1,237,20.6,8,10,2023-03-09 6:33:49,2023-03-09 18:32:31,0.56,Partially cloudy,Partly cloudy throughout the day.,partly-cloudy-day,"remote,VOMY"
Mandya,2023-03-10,32,16.9,24.7,29.8,16.9,24.1,7.5,38.1,0,0,0,,0,0,38.9,22.3,80.7,1014.2,40.9,15.5,292.3,25.3,10,10,2023-03-10 6:33:12,2023-03-10 18:32:37,0.6,Partially cloudy,Partly cloudy throughout the day.,partly-cloudy-day,"43289099999,43291099999,remote,VOMY"
Mandya,2023-03-11,32,17.8,25.1,29.8,17.8,24.4,8.6,39.2,0,0,0,,0,0,41.4,22.3,68.2,1014.6,2.6,14.8,322.1,27.9,10,10,2023-03-11 6:32:36,2023-03-11 18:32:42,0.63,Clear,Clear conditions throughout the day.,clear-day,"43291099999,remote,VOMY"
Mandya,2023-03-12,33,19,26,31,19,25.4,11.8,44.5,0,0,0,,0,0,41.8,23,83.5,1014,6,14.5,319,27.7,10,10,2023-03-12 6:31:59,2023-03-12 18:32:47,0.67,Clear,Clear conditions throughout the day.,clear-day,"43289099999,43291099999,remote,VOMY"
Mandya,2023-03-13,34,18.8,26.4,32,18.8,25.8,12.4,45.9,0,0,0,,0,0,41.8,19.1,97.1,1012.1,13.1,19.2,315.5,27.3,10,10,2023-03-13 6:31:22,2023-03-13 18:32:52,0.7,Clear,Clear conditions throughout the day.,clear-day,"43289099999,43291099999,remote,VOMY"
Mandya,2023-03-14,34.3,20.1,27,32.2,20.1,26.6,12.8,43.6,0,0,0,,0,0,33.5,14,99.4,1011.1,24.6,16.1,314.9,27.2,10,10,2023-03-14 6:30:45,2023-03-14 18:32:57,0.74,Partially cloudy,Becoming cloudy in the afternoon.,partly-cloudy-day,"43289099999,43291099999,remote,VOMY"
Mandya,2023-03-15,34.7,20.9,27.3,32.5,20.9,26.9,13,43.9,0,0,0,,0,0,34.2,17.6,195.3,1010.6,30.6,15.9,313.2,27.1,10,10,2023-03-15 6:30:07,2023-03-15 18:33:01,0.75,Partially cloudy,Partly cloudy throughout the day.,partly-cloudy-day,"43289099999,43291099999,remote,VOMY"
Mandya,2023-03-16,33,21.2,26.6,34.3,21.2,26.7,16,53.6,0.4,100,8.33,rain,0,0,39.2,14.8,179,1012,33.3,15,285.8,24.8,10,10,2023-03-16 6:29:29,2023-03-16 18:33:05,0.81,"Rain, Partially cloudy",Partly cloudy throughout the day with rain.,rain,"43291099999,remote,VOMY"
Mandya,2023-03-17,32,21.1,26.4,32.3,21.1,26.7,17.1,58,0.9,100,12.5,rain,0,0,34.2,17.6,144.8,1012.2,39.6,13.9,287.1,24.9,10,10,2023-03-17 6:28:51,2023-03-17 18:33:09,0.84,"Rain, Partially cloudy",Partly cloudy throughout the day with early morning rain.,rain,"remote,VOMY"
Mandya,2023-03-18,32,21.4,25.9,31.9,21.4,26.1,17.5,61.1,3.2,100,33.33,rain,0,0,29.5,14.8,200.4,1011.3,36.9,13.8,241.7,21,10,10,2023-03-18 6:28:12,2023-03-18 18:33:13,0.88,"Rain, Partially cloudy",Partly cloudy throughout the day with rain.,rain,"43289099999,43291099999,remote,VOMY,43263099999"
Mandya,2023-03-19,32,19.8,26,30.9,19.8,25.7,15.3,55.6,1.6,100,29.17,rain,0,0,39.2,22,257.8,1010.7,47.2,16.2,285.9,24.7,10,10,2023-03-19 6:27:34,2023-03-19 18:33:16,0.91,"Rain, Partially cloudy",Partly cloudy throughout the day with rain.,rain,"43289099999,remote,VOMY"
Mandya,2023-03-20,35.2,20.7,26.7,33.1,20.7,26.1,13.2,47.7,0,0,0,,0,0,44.6,30.2,256.8,1010,70.8,16,315.5,27.2,10,10,2023-03-20 6:26:55,2023-03-20 18:33:20,0.95,Partially cloudy,Partly cloudy throughout the day.,partly-cloudy-day,"43289099999,43291099999,remote,VOMY"
Mandya,2023-03-21,35,19.2,26.3,32.3,19.2,25.5,7.5,34.6,0,0,0,,0,0,29.2,14.8,293.6,1010.5,42.2,16.6,327,28.2,10,10,2023-03-21 6:26:16,2023-03-21 18:33:23,0,Partially cloudy,Partly cloudy throughout the day.,partly-cloudy-day,"43289099999,43291099999,remote,VOMY"
Mandya,2023-03-22,34,18.8,26.8,32.4,18.8,26.1,10.6,38.7,0,0,0,,0,0,36,20.5,317.1,1010.4,16.7,17,323.8,28,10,10,2023-03-22 6:25:37,2023-03-22 18:33:26,0.02,Clear,Clear conditions throughout the day.,clear-day,"43289099999,43291099999,remote,VOMY"
Mandya,2023-03-23,34,21.6,27.9,32.6,21.6,27.5,15.1,49.4,0.1,100,4.17,rain,0,0,23,15.1,275.4,1011.2,46.4,14.8,308.3,26.5,10,10,2023-03-23 6:24:58,2023-03-23 18:33:29,0.05,"Rain, Partially cloudy",Partly cloudy throughout the day with late afternoon rain.,rain,"43289099999,43291099999,remote,VOMY"
Mandya,2023-03-24,35,22.8,28.2,32.9,22.8,27.7,14.5,48.2,0.2,100,8.33,rain,0,0,30.2,18.4,255.7,1011.2,39.9,15.6,297.6,25.7,10,10,2023-03-24 6:24:19,2023-03-24 18:33:32,0.08,"Rain, Partially cloudy",Partly cloudy throughout the day with rain.,rain,"43289099999,43291099999,remote,VOMY"
Mandya,2023-03-25,34,22.7,27.6,33.1,22.7,27.3,15.7,51.7,1.5,100,37.5,rain,0,0,22.3,14.8,155.5,1012.7,67.5,13.6,202.3,17.6,10,10,2023-03-25 6:23:40,2023-03-25 18:33:35,0.11,"Rain, Partially cloudy",Partly cloudy throughout the day with a chance of rain throughout the day.,rain,"43289099999,43291099999,remote,VOMY"
Mandya,2023-03-26,34,21.8,27.7,33.2,21.8,27.5,16.2,52.6,2.3,100,37.5,rain,0,0,36.4,22.7,240,1011.7,72.2,16.8,253.9,21.8,10,10,2023-03-26 6:23:01,2023-03-26 18:33:38,0.15,"Rain, Partially cloudy",Partly cloudy throughout the day with rain.,rain,"43289099999,43291099999,remote,VOMY,43263099999"
Mandya,2023-03-27,34.5,21.5,28.4,32.8,21.5,27.7,13.1,42,0,0,0,,0,0,27.7,16.9,209.3,1011.4,50,16.7,319.1,27.5,10,10,2023-03-27 6:22:22,2023-03-27 18:33:41,0.18,Partially cloudy,Partly cloudy throughout the day.,partly-cloudy-day,"43291099999,remote,VOMY,43263099999"
Mandya,2023-03-28,36.2,22.5,29.2,34.2,22.5,28.5,12.3,37.6,0,0,0,,0,0,39.6,25.6,151.1,1010.5,66.4,17.8,324.9,28,10,10,2023-03-28 6:21:43,2023-03-28 18:33:44,0.21,Partially cloudy,Partly cloudy throughout the day.,partly-cloudy-day,"43289099999,43291099999,remote,VOMY,43263099999"
Mandya,2023-03-29,35,23,28.1,34,23,28.3,16.8,51.9,0.4,100,12.5,rain,0,0,24.5,22.3,222.5,1011.4,50.9,18.2,251.3,21.8,10,10,2023-03-29 6:21:04,2023-03-29 18:33:47,0.25,"Rain, Partially cloudy",Partly cloudy throughout the day with rain.,rain,"43289099999,43291099999,remote,VOMY,43263099999"
Mandya,2023-03-30,32.1,22,26.6,32.3,22,26.8,17.6,59.5,1.5,100,25,rain,0,0,36,25.2,210.6,1011.8,47.8,16,247.6,21.4,10,10,2023-03-30 6:20:25,2023-03-30 18:33:50,0.28,"Rain, Partially cloudy",Partly cloudy throughout the day with rain.,rain,"43289099999,remote,VOMY"
Mandya,2023-03-31,34,22.7,27.7,32.9,22.7,27.5,16.2,52.3,0.1,100,4.17,rain,0,0,19.4,11.9,235.2,1011.1,43.6,15.9,296,25.5,10,10,2023-03-31 6:19:46,2023-03-31 18:33:53,0.31,"Rain, Partially cloudy",Partly cloudy throughout the day with late afternoon rain.,rain,"43289099999,43291099999,remote,VOMY"
Mandya,2023-04-01,34,23.2,28.2,33.2,23.2,28.4,16,48.6,0.5,100,16.67,rain,0,0,25.6,20.9,204.2,1010.4,42.1,17.9,236.3,20.4,10,10,2023-04-01 6:19:07,2023-04-01 18:33:56,0.34,"Rain, Partially cloudy",Partly cloudy throughout the day with rain.,rain,"43289099999,43291099999,remote,VOMY"
Mandya,2023-04-02,35,23.7,28,33.4,23.7,27.8,15.9,50.7,0.4,100,12.5,rain,0,0,27,18.4,248.8,1011.3,48.8,14.2,282,24.3,9,10,2023-04-02 6:18:29,2023-04-02 18:33:59,0.37,"Rain, Partially cloudy",Partly cloudy throughout the day with early morning rain.,rain,"43289099999,remote,VOMY"
Mandya,2023-04-03,34,21.6,27.9,33.2,21.6,27.8,16.1,51.4,0.5,100,8.33,rain,0,0,28.1,22.3,205,1010.7,22.3,15.6,291.3,25.1,10,10,2023-04-03 6:17:50,2023-04-03 18:34:02,0.41,"Rain, Partially cloudy",Partly cloudy throughout the day with late afternoon rain.,rain,"remote,VOMY"
Mandya,2023-04-04,26,22.7,24.2,26,22.7,24.2,18.4,70.3,3.2,100,37.5,rain,0,0,24.1,12.6,220.6,1012.8,82.1,13.6,71.1,6.1,5,10,2023-04-04 6:17:12,2023-04-04 18:34:05,0.44,"Rain, Partially cloudy",Partly cloudy throughout the day with rain clearing later.,rain,"remote,VOMY,43263099999"
Mandya,2023-04-05,33,21.4,27,33.9,21.4,27.5,17.5,57.7,0,0,0,,0,0,27.7,18.4,142.1,1011.5,33.2,15.9,271.3,23.5,10,10,2023-04-05 6:16:34,2023-04-05 18:34:09,0.47,Partially cloudy,Partly cloudy throughout the day.,partly-cloudy-day,"43289099999,remote,VOMY,43263099999"
Mandya,2023-04-06,35,22.6,27.8,34.1,22.6,28.2,17.4,55.5,0,0,0,,0,0,29.5,17.6,182,1011.7,38.8,16.3,266.6,22.9,10,30,2023-04-06 6:15:56,2023-04-06 18:34:12,0.5,Partially cloudy,Partly cloudy throughout the day.,partly-cloudy-day,"43289099999,43291099999,remote,VOMY,43263099999"
Mandya,2023-04-07,33,22.7,27.7,32.5,22.7,27.8,15.9,50.5,0,0,0,,0,0,32.8,16.6,145.8,1012.9,25.1,15.8,317.8,27.4,10,10,2023-04-07 6:15:19,2023-04-07 18:34:16,0.54,Partially cloudy,Partly cloudy throughout the day.,partly-cloudy-day,"43289099999,43291099999,remote,VOMY,43263099999"
Mandya,2023-04-08,33,22.3,27.8,32.1,22.3,27.4,12.9,41.3,0,0,0,,0,0,39.2,22,114.5,1014.4,11.8,17.1,330.2,28.4,10,10,2023-04-08 6:14:42,2023-04-08 18:34:20,0.57,Clear,Clear conditions throughout the day.,clear-day,"43289099999,43291099999,remote,VOMY,43263099999"
Mandya,2023-04-09,33,21,27.5,32.4,21,27.2,14,45.4,0,0,0,,0,0,34.2,13.7,82.5,1015,8.7,13.7,329.8,28.4,10,10,2023-04-09 6:14:05,2023-04-09 18:34:24,0.61,Clear,Clear conditions throughout the day.,clear-day,"43289099999,43291099999,remote,VOMY,43263099999"
Mandya,2023-04-10,34,22.2,28.4,32.6,22.2,27.9,13.9,43.9,0,0,0,,0,0,32.8,22.3,95,1013.3,19.3,17.9,328.2,28.4,10,10,2023-04-10 6:13:28,2023-04-10 18:34:28,0.65,Clear,Clear conditions throughout the day.,clear-day,"43291099999,remote,VOMY,43263099999"
Mandya,2023-04-11,34.7,22.2,28.6,32.2,22.2,27.7,10.9,37.6,0,0,0,,0,0,25.9,20.9,90.5,1013.5,23.8,17.4,334.2,28.8,10,10,2023-04-11 6:12:52,2023-04-11 18:34:32,0.68,Partially cloudy,Clearing in the afternoon.,partly-cloudy-day,"43289099999,43291099999,remote,VOMY"
Mandya,2023-04-12,35,22.1,28.3,33.7,22.1,27.8,10.7,36,0,0,0,,0,0,37.8,18.4,112.6,1013.6,4.9,15.5,335.3,29,10,10,2023-04-12 6:12:16,2023-04-12 18:34:37,0.72,Clear,Clear conditions throughout the day.,clear-day,"remote,VOMY"
Mandya,2023-04-13,38,21.8,29.3,35,21.8,28.2,5.7,26.1,0,0,0,,0,0,33.1,25.2,112.9,1011.7,6.1,21.7,338,29.2,10,10,2023-04-13 6:11:40,2023-04-13 18:34:41,0.75,Clear,Clear conditions throughout the day.,clear-day,"43289099999,43291099999,remote,VOMY"
Mandya,2023-04-14,38.1,21.3,29.4,35.1,21.3,28.2,8.5,34.5,0,0,0,,0,0,40,27.4,126.6,1011.2,49,23.3,332.4,28.6,10,10,2023-04-14 6:11:05,2023-04-14 18:34:46,0.79,Partially cloudy,Partly cloudy throughout the day.,partly-cloudy-day,"remote,VOMY"
Mandya,2023-04-15,36.6,21.9,28.2,34,21.9,27.8,12.4,42.1,0,0,0,,0,0,33.5,14.8,119.7,1012.5,47.2,16.9,315.5,27.2,10,10,2023-04-15 6:10:31,2023-04-15 18:34:51,0.82,Partially cloudy,Partly cloudy throughout the day.,partly-cloudy-day,"remote,VOMY"
Mandya,2023-04-16,37.8,21.4,29.1,34.7,21.4,28,5,25.1,0,0,0,,0,0,29.2,24.8,108.4,1009.8,9.3,21.4,339.1,29.4,10,10,2023-04-16 6:09:56,2023-04-16 18:34:57,0.86,Clear,Clear conditions throughout the day.,clear-day,"remote,VOMY"
Mandya,2023-04-17,38.3,21.2,29.3,35.2,21.2,28.1,6.7,31,0,0,0,,0,0,29.2,23.4,112,1009.2,3.4,23.5,337.4,29.2,10,10,2023-04-17 6:09:23,2023-04-17 18:35:03,0.9,Clear,Clear conditions throughout the day.,clear-day,"43289099999,43291099999,remote"
Mandya,2023-04-18,37.7,21.7,29.3,35.1,21.7,28.4,11.9,42.7,0,0,0,,0,0,28.8,19.8,135.2,1010.4,2.3,22.7,333,28.8,10,30,2023-04-18 6:08:49,2023-04-18 18:35:09,0.93,Clear,Clear conditions throughout the day.,clear-day,"43289099999,43291099999,remote,VOMY"
Mandya,2023-04-19,37,22.5,29.7,34.5,22.5,28.7,11.1,36.8,0,0,0,,0,0,35.3,17.6,173.4,1008.5,1.7,24.1,332.4,28.7,10,10,2023-04-19 6:08:17,2023-04-19 18:35:15,0.97,Clear,Clear conditions throughout the day.,clear-day,remote
Mandya,2023-04-20,37.5,22.3,29.8,35.2,22.3,29,13.5,43.9,0,0,0,,0,0,33.5,19.8,211,1006.7,12.5,24.1,331,28.6,10,10,2023-04-20 6:07:44,2023-04-20 18:35:21,0,Clear,Clear conditions throughout the day.,clear-day,remote
Mandya,2023-04-21,37,23.1,29.4,35.8,23.1,28.9,15.4,46.7,0.1,100,4.17,rain,0,0,32.4,24.8,230.9,1006.5,35.3,24.1,285.8,24.6,10,10,2023-04-21 6:07:13,2023-04-21 18:35:28,0.04,"Rain, Partially cloudy",Becoming cloudy in the afternoon with late afternoon rain.,rain,remote
Mandya,2023-04-22,36.9,23.5,29.4,35.8,23.5,29.2,16.1,48.6,0.2,100,8.33,rain,0,0,40,24.5,233.7,1006.7,43.5,24.1,271.6,23.5,10,10,2023-04-22 6:06:41,2023-04-22 18:35:36,0.07,"Rain, Partially cloudy",Becoming cloudy in the afternoon with rain.,rain,remote
Mandya,2023-04-23,36.1,23.2,29.2,35.7,23.2,29.3,16.8,49.4,1.4,100,20.83,rain,0,0,27.7,23,221.1,1007.1,59.9,23.4,211.3,18.3,10,10,2023-04-23 6:06:11,2023-04-23 18:35:43,0.1,"Rain, Partially cloudy",Partly cloudy throughout the day with rain.,rain,"43289099999,remote"
Mandya,2023-04-24,36.6,22.5,27.9,35.5,22.5,27.8,17.1,56.2,1.6,100,20.83,rain,0,0,42.5,33.1,145.5,1008.5,35.5,23.4,298.3,25.8,10,10,2023-04-24 6:05:41,2023-04-24 18:35:51,0.13,"Rain, Partially cloudy",Becoming cloudy in the afternoon with rain.,rain,remote
Mandya,2023-04-25,35,21.6,27,35.1,21.6,27.2,18.6,63.7,26.7,100,54.17,rain,0,0,22.3,17.6,142.6,1009.3,57.8,19.4,247.7,21.6,10,30,2023-04-25 6:05:12,2023-04-25 18:35:59,0.16,"Rain, Partially cloudy",Partly cloudy throughout the day with a chance of rain throughout the day.,rain,"43289099999,remote"
Mandya,2023-04-26,32.5,22.5,26.5,32.4,22.5,26.8,18.9,65.3,2.6,100,29.17,rain,0,0,33.5,24.1,125.7,1009.1,58.1,22.3,249.8,21.4,10,30,2023-04-26 6:04:43,2023-04-26 18:36:07,0.2,"Rain, Partially cloudy",Partly cloudy throughout the day with a chance of rain throughout the day.,rain,"43289099999,43291099999,remote"
Mandya,2023-04-27,34.6,23.5,28.3,34.3,23.5,28.7,18.2,56.9,0.7,100,20.83,rain,0,0,23.8,14,148.4,1008.6,65.4,22.9,274.7,23.8,10,30,2023-04-27 6:04:15,2023-04-27 18:36:16,0.23,"Rain, Partially cloudy",Partly cloudy throughout the day with rain.,rain,"43289099999,43291099999,remote"
Mandya,2023-04-28,36,23.9,29.1,34.9,23.9,29.1,16.9,50.8,0,0,0,,0,0,22.3,20.2,137.3,1009.2,48.1,23.3,323.4,28.1,10,10,2023-04-28 6:03:47,2023-04-28 18:36:25,0.25,Partially cloudy,Partly cloudy throughout the day.,partly-cloudy-day,"43289099999,43291099999,remote,43263099999"
Mandya,2023-04-29,33.2,23.6,27.1,33.4,23.6,27.3,18.5,61,3.8,100,41.67,rain,0,0,27.4,17.3,118.1,1009.2,75.8,22,198.2,17,10,10,2023-04-29 6:03:20,2023-04-29 18:36:35,0.29,"Rain, Partially cloudy",Partly cloudy throughout the day with rain.,rain,"43289099999,43291099999,remote"
Mandya,2023-04-30,32.6,22.7,26.7,33.7,22.7,27.1,19.4,66.3,8,100,25,rain,0,0,24.5,16.9,164.8,1007.9,81.7,19.5,245.7,21.3,10,10,2023-04-30 6:02:54,2023-04-30 18:36:45,0.32,"Rain, Partially cloudy",Partly cloudy throughout the day with rain.,rain,"43289099999,remote"
Mandya,2023-05-01,30.6,22.4,25.7,31.8,22.4,26.1,20.1,73.1,14.2,100,75,rain,0,0,31,18.4,354.4,1007.8,99.7,17.1,209.6,18.1,9,30,2023-05-01 6:02:29,2023-05-01 18:36:55,0.36,"Rain, Overcast",Cloudy skies throughout the day with a chance of rain throughout the day.,rain,"43289099999,remote"
Mandya,2023-05-02,31.9,22.3,26.4,32.9,22.3,27,20,69.9,9.8,100,62.5,rain,0,0,28.4,19.8,131.7,1008.5,92.3,20.5,234.1,20.2,10,30,2023-05-02 6:02:04,2023-05-02 18:37:05,0.39,"Rain, Overcast",Cloudy skies throughout the day with a chance of rain throughout the day.,rain,"43289099999,43291099999,remote"
Mandya,2023-05-03,24.1,21.4,22.9,24.1,21.4,22.9,19.8,82.9,6.7,100,45.83,rain,0,0,27,15.5,240.2,1010.6,97.6,21.2,16.7,1.4,1,10,2023-05-03 6:01:40,2023-05-03 18:37:16,0.42,"Rain, Overcast",Cloudy skies throughout the day with a chance of rain throughout the day.,rain,remote
Mandya,2023-05-04,31.3,21,26.1,32,21,26.2,18.1,64.1,0,0,0,,0,0,27.4,13.7,255.7,1009.4,87.7,24.1,276.3,23.7,10,10,2023-05-04 6:01:17,2023-05-04 18:37:27,0.45,Partially cloudy,Partly cloudy throughout the day.,partly-cloudy-day,remote
Mandya,2023-05-05,31.9,22,26.1,32.1,22,26.3,18.5,64.9,0.8,100,20.83,rain,0,0,26.3,13.3,245.7,1008.5,80.4,24.1,192.4,16.6,10,10,2023-05-05 6:00:54,2023-05-05 18:37:39,0.5,"Rain, Partially cloudy",Partly cloudy throughout the day with rain.,rain,remote
Mandya,2023-05-06,29.4,22.1,24.5,30.4,22.1,24.7,19.7,75.4,7.9,100,45.83,rain,0,0,23.8,15.1,246.5,1009.1,99.4,21.6,106.4,9.2,8,10,2023-05-06 6:00:33,2023-05-06 18:37:51,0.52,"Rain, Overcast",Cloudy skies throughout the day with rain.,rain,remote
Mandya,2023-05-07,30.1,21.6,24.4,32.9,21.6,24.7,19.7,76,2,100,37.5,rain,0,0,23,14.4,281.6,1009.4,96.3,22.7,134.9,11.7,6,10,2023-05-07 6:00:12,2023-05-07 18:38:03,0.56,"Rain, Overcast",Cloudy skies throughout the day with rain.,rain,"43289099999,remote"
Mandya,2023-05-08,31.8,21.6,25.3,33.5,21.6,25.7,20.1,74.9,7.7,100,54.17,rain,0,0,24.8,16.2,282.7,1008.4,97.1,21,187.1,16.1,8,30,2023-05-08 5:59:52,2023-05-08 18:38:15,0.59,"Rain, Overcast",Cloudy skies throughout the day with rain.,rain,remote
Mandya,2023-05-09,33.2,21.3,25.8,34.2,21.3,26.3,20.1,74.2,9.1,100,45.83,rain,0,0,37.1,25.9,6.8,1008.6,69.5,21.6,286.1,24.6,10,30,2023-05-09 5:59:32,2023-05-09 18:38:28,0.63,"Rain, Partially cloudy",Partly cloudy throughout the day with rain.,rain,remote
Mandya,2023-05-10,33.7,22.7,27.2,36.5,22.7,28,20.1,67.5,4,100,16.67,rain,0,0,26.6,14.8,355.7,1007.9,97.3,21.4,258.5,22.1,9,30,2023-05-10 5:59:14,2023-05-10 18:38:42,0.66,"Rain, Overcast",Cloudy skies throughout the day with rain.,rain,"43289099999,remote"
Mandya,2023-05-11,34.6,23.2,27.5,35.7,23.2,28.1,19.8,65.5,5.3,100,33.33,rain,0,0,38.5,24.8,148.9,1008.7,78.7,22.2,287.9,24.7,10,30,2023-05-11 5:58:56,2023-05-11 18:38:55,0.7,"Rain, Partially cloudy",Partly cloudy throughout the day with rain.,rain,remote
Mandya,2023-05-12,35,23,28.4,34.5,23,28.6,18.4,58.7,0.3,100,4.17,rain,0,0,37.1,19.4,265.4,1009.1,88.2,24.1,299.4,26.1,10,10,2023-05-12 5:58:39,2023-05-12 18:39:09,0.75,"Rain, Partially cloudy",Partly cloudy throughout the day with early morning rain.,rain,remote
Mandya,2023-05-13,34.2,23.5,27.3,34.9,23.5,27.9,19.8,65.7,0.1,100,4.17,rain,0,0,44.6,28.1,250.9,1009.8,97,22.9,250.8,21.6,9,30,2023-05-13 5:58:23,2023-05-13 18:39:23,0.77,"Rain, Overcast",Cloudy skies throughout the day with late afternoon rain.,rain,"43289099999,remote,43263099999"
Mandya,2023-05-14,35.7,22.2,28.3,36,22.2,28.7,18.8,60.3,0,0,0,,0,0,37.8,19.4,265.9,1008.8,64.3,23.3,318.8,27.4,10,30,2023-05-14 5:58:08,2023-05-14 18:39:38,0.81,Partially cloudy,Partly cloudy throughout the day.,partly-cloudy-day,"43291099999,remote"
Mandya,2023-05-15,35.3,23,28.2,34.2,23,28.3,17.8,57.1,0.1,100,4.17,rain,0,0,32.4,22.7,249.9,1009.4,79.6,23.5,307,26.5,10,30,2023-05-15 5:57:53,2023-05-15 18:39:53,0.84,"Rain, Partially cloudy",Partly cloudy throughout the day with early morning rain.,rain,"43289099999,43291099999,remote,43263099999"
Mandya,2023-05-16,36.4,23.1,29,35.4,23.1,29,17.3,54.1,0,0,0,,0,0,27.7,14,252.1,1010.1,71.2,22.9,321.3,27.8,10,10,2023-05-16 5:57:40,2023-05-16 18:40:08,0.88,Partially cloudy,Partly cloudy throughout the day.,partly-cloudy-day,"43289099999,43291099999,remote,VOMY"
Mandya,2023-05-17,36.5,24.4,30.2,35.4,24.4,29.9,16.2,46.8,0,0,0,,0,0,32.8,19.1,262.9,1009.9,38.6,22.7,326.4,28.2,10,10,2023-05-17 5:57:27,2023-05-17 18:40:23,0.91,Partially cloudy,Partly cloudy throughout the day.,partly-cloudy-day,"43289099999,43291099999,remote"
Mandya,2023-05-18,36,25,28.8,36.5,25,29.3,18.7,57.4,0.1,100,4.17,rain,0,0,33.5,28.1,236,1011.5,52.4,23.5,238.5,20.4,10,30,2023-05-18 5:57:15,2023-05-18 18:40:39,0.95,"Rain, Partially cloudy",Becoming cloudy in the afternoon with afternoon rain.,rain,"43289099999,43291099999,remote,43263099999"
Mandya,2023-05-19,37.3,23.5,28.8,37,23.5,29.2,18.3,56.5,0.2,100,8.33,rain,0,0,34.9,22.7,247.7,1010.4,34.3,21.8,264.3,22.9,10,30,2023-05-19 5:57:04,2023-05-19 18:40:55,0,"Rain, Partially cloudy",Partly cloudy throughout the day with late afternoon rain.,rain,"43289099999,43291099999,remote,VOMY,43263099999"
Mandya,2023-05-20,36,23.4,28.5,36.7,23.4,29.5,20,62.7,0.6,100,8.33,rain,0,0,35.3,20.5,248.1,1011.7,34.1,15.7,274.5,23.7,10,30,2023-05-20 5:56:54,2023-05-20 18:41:11,0.02,"Rain, Partially cloudy",Partly cloudy throughout the day with rain.,rain,"43289099999,43291099999,remote,VOMY"
Mandya,2023-05-21,35.7,23,26.9,37.2,23,27.5,19.6,66.8,3.6,100,41.67,rain,0,0,33.5,20.9,236.8,1011.8,42.5,19.1,278.5,24.1,10,30,2023-05-21 5:56:45,2023-05-21 18:41:27,0.05,"Rain, Partially cloudy",Partly cloudy throughout the day with a chance of rain throughout the day.,rain,"remote,VOMY"
Mandya,2023-05-22,34.7,22,27.4,34.3,22,27.8,18.4,61.6,1.5,100,16.67,rain,0,0,39.2,22.3,32.5,1011.6,58.5,22.5,318.2,27.7,10,10,2023-05-22 5:56:36,2023-05-22 18:41:44,0.08,"Rain, Partially cloudy",Partly cloudy throughout the day with rain.,rain,"remote,VOMY"
Mandya,2023-05-23,34,22.8,27.1,35,22.8,27.9,19.6,65.7,0.7,100,12.5,rain,0,0,37.1,22.3,248.7,1012.8,63.3,18,292.4,25.3,10,30,2023-05-23 5:56:28,2023-05-23 18:42:00,0.12,"Rain, Partially cloudy",Partly cloudy throughout the day with rain.,rain,"43289099999,43291099999,remote,VOMY,43263099999"
Mandya,2023-05-24,33,23,26.5,36,23,27.4,20.3,69.9,5.1,100,20.83,rain,0,0,33.1,21.2,238,1013.7,64.7,14.6,298.3,25.7,10,30,2023-05-24 5:56:22,2023-05-24 18:42:17,0.15,"Rain, Partially cloudy",Partly cloudy throughout the day with rain.,rain,"remote,VOMY"
Mandya,2023-05-25,32,22.8,26.5,34.8,22.8,27.2,20.6,71.3,2.3,100,29.17,rain,0,0,36.4,20.5,253.2,1013.8,64.6,15.4,279.9,24.1,10,30,2023-05-25 5:56:16,2023-05-25 18:42:34,0.18,"Rain, Partially cloudy",Partly cloudy throughout the day with rain.,rain,"43289099999,43291099999,remote,VOMY,43263099999"
Mandya,2023-05-26,32,23.1,27.2,33.4,23.1,28.1,20.2,67.1,0.3,100,8.33,rain,0,0,29.2,18.4,259.2,1013.9,70.3,14.7,295.5,25.5,10,30,2023-05-26 5:56:11,2023-05-26 18:42:52,0.21,"Rain, Partially cloudy",Partly cloudy throughout the day with early morning rain.,rain,"43289099999,43291099999,remote,VOMY"
Mandya,2023-05-27,32,23,27.3,33.4,23,27.9,19.4,63.6,0.3,100,8.33,rain,0,0,26.6,16.6,256.4,1012.7,52.1,15.5,320.5,27.8,10,10,2023-05-27 5:56:06,2023-05-27 18:43:09,0.25,"Rain, Partially cloudy",Partly cloudy throughout the day with late afternoon rain.,rain,"43289099999,43291099999,remote,VOMY,43263099999"
Mandya,2023-05-28,34,23.9,27.5,35.7,23.9,28,19.2,62.2,0.1,100,4.17,rain,0,0,31.7,18.4,260.8,1011.1,40.7,15.5,260.2,22.5,10,10,2023-05-28 5:56:03,2023-05-28 18:43:27,0.28,"Rain, Partially cloudy",Partly cloudy throughout the day with afternoon rain.,rain,"43289099999,43291099999,remote,VOMY"
Mandya,2023-05-29,35,23.8,28.5,36.8,23.8,29.5,19.2,58.5,1.2,100,16.67,rain,0,0,39.2,25.9,355.7,1010.7,56,16.2,292.7,25.3,10,10,2023-05-29 5:56:00,2023-05-29 18:43:44,0.31,"Rain, Partially cloudy",Partly cloudy throughout the day with late afternoon rain.,rain,"43289099999,43291099999,remote,VOMY"
Mandya,2023-05-30,34.9,22.3,28,34.6,22.3,28.3,18.2,58.9,10.4,100,37.5,rain,0,0,24.5,17.6,269.1,1010.2,72.4,20,283.8,24.6,9,10,2023-05-30 5:55:58,2023-05-30 18:44:02,0.34,"Rain, Partially cloudy",Partly cloudy throughout the day with rain.,rain,"43289099999,43291099999,remote,VOMY"
Mandya,2023-05-31,33,23.3,27.2,33.9,23.3,27.8,19.4,64.3,0.1,100,4.17,rain,0,0,32.8,18.4,247.7,1011.3,69,17,296.3,25.6,10,10,2023-05-31 5:55:57,2023-05-31 18:44:19,0.37,"Rain, Partially cloudy",Partly cloudy throughout the day with late afternoon rain.,rain,"43291099999,remote,VOMY"
Mandya,2023-06-01,30,24,26.4,33.2,24,27.2,20.6,70.8,2.4,100,25,rain,0,0,39.2,21.2,257.3,1011.7,74.8,15.1,271.8,23.5,10,30,2023-06-01 5:55:57,2023-06-01 18:44:37,0.41,"Rain, Partially cloudy",Partly cloudy throughout the day with rain.,rain,"remote,VOMY"
Mandya,2023-06-02,33,22.7,26.7,35.2,22.7,27.5,20.1,68.3,0.5,100,12.5,rain,0,0,35.3,19.8,256.4,1011.9,69.6,15.6,234.5,20.2,9,30,2023-06-02 5:55:58,2023-06-02 18:44:55,0.44,"Rain, Partially cloudy",Partly cloudy throughout the day with rain.,rain,"43289099999,43291099999,remote,VOMY"
Mandya,2023-06-03,35,22.9,27.5,36.4,22.9,28.4,19.7,65,0.4,100,12.5,rain,0,0,35.6,19.4,243.2,1011.1,60.3,16.2,286.5,24.7,9,30,2023-06-03 5:55:59,2023-06-03 18:45:13,0.47,"Rain, Partially cloudy",Partly cloudy throughout the day with rain.,rain,"43289099999,43291099999,remote,VOMY,43263099999"
Mandya,2023-06-04,32,22.1,26.2,34.1,22.1,27,20,70,1.3,100,25,rain,0,0,37.4,19.4,262.8,1011.5,74,15.6,260.9,22.7,10,10,2023-06-04 5:56:01,2023-06-04 18:45:30,0.5,"Rain, Partially cloudy",Partly cloudy throughout the day with rain.,rain,"43289099999,remote,VOMY"
Mandya,2023-06-05,32.5,22.3,26.3,34.3,22.3,27.2,20.4,71.6,20.3,100,37.5,rain,0,0,36.7,24.5,253.8,1010.7,63.6,13.9,261.9,22.8,10,10,2023-06-05 5:56:04,2023-06-05 18:45:48,0.54,"Rain, Partially cloudy",Partly cloudy throughout the day with rain.,rain,"43289099999,43291099999,remote,VOMY"
Mandya,2023-06-06,33,22.4,27.2,33.9,22.4,27.7,19.6,65.9,2.6,100,25,rain,0,0,34.9,18.4,247.6,1010.5,77,15.7,247.3,21.2,10,30,2023-06-06 5:56:08,2023-06-06 18:46:05,0.58,"Rain, Partially cloudy",Partly cloudy throughout the day with rain.,rain,"43289099999,43291099999,remote,VOMY"
Mandya,2023-06-07,32,22.8,26.7,34.1,22.8,27.5,20.5,70.4,1.2,100,16.67,rain,0,0,44.6,27.7,249.8,1010.9,56.8,16,277.3,24.1,10,30,2023-06-07 5:56:12,2023-06-07 18:46:23,0.61,"Rain, Partially cloudy",Partly cloudy throughout the day with late afternoon rain.,rain,"remote,VOMY"
Mandya,2023-06-08,32,22.8,26.7,34.1,22.8,27.5,20.2,68.9,1.8,100,8.33,rain,0,0,44.6,29.5,250,1011.1,76.1,16.6,227.3,19.8,8,30,2023-06-08 5:56:17,2023-06-08 18:46:40,0.65,"Rain, Partially cloudy",Partly cloudy throughout the day with late afternoon rain.,rain,"43289099999,43291099999,remote,VOMY"
Mandya,2023-06-09,32,22.7,26.4,33.4,22.7,27.1,19.9,69,0.3,100,12.5,rain,0,0,45.4,27.7,256,1010.6,72.3,16.3,263.3,22.8,10,10,2023-06-09 5:56:23,2023-06-09 18:46:57,0.68,"Rain, Partially cloudy",Partly cloudy throughout the day with rain.,rain,"43289099999,43291099999,remote,VOMY,43263099999"
Mandya,2023-06-10,29,21.8,25.1,30.7,21.8,25.7,19.5,71.3,0,0,0,,0,0,50,29.5,253.2,1009.9,68.6,16,272.4,23.6,9,10,2023-06-10 5:56:29,2023-06-10 18:47:14,0.72,Partially cloudy,Partly cloudy throughout the day.,partly-cloudy-day,"43289099999,43291099999,remote,VOMY"
Mandya,2023-06-11,30,22.3,25.6,31.9,22.3,26.3,20.2,72.6,0.3,100,12.5,rain,0,0,37.8,22.3,253.4,1009.6,76.3,16,261.8,22.6,10,10,2023-06-11 5:56:36,2023-06-11 18:47:31,0.75,"Rain, Partially cloudy",Partly cloudy throughout the day with rain.,rain,"43289099999,43291099999,remote,VOMY,43263099999"
Mandya,2023-06-12,32,22.2,26.5,34.1,22.2,27.3,19.8,68.3,0.1,100,4.17,rain,0,0,44.6,27,258.5,1008.5,66.7,17.2,250.3,21.4,10,10,2023-06-12 5:56:44,2023-06-12 18:47:47,0.79,"Rain, Partially cloudy",Partly cloudy throughout the day with afternoon rain.,rain,"43289099999,43291099999,remote,VOMY"
Mandya,2023-06-13,31,22,26.1,32.9,22,26.9,19.9,69.8,0,0,0,,0,0,42.5,27.7,253.4,1010.2,59.7,15.9,280.5,24.2,10,10,2023-06-13 5:56:53,2023-06-13 18:48:04,0.82,Partially cloudy,Partly cloudy throughout the day.,partly-cloudy-day,"43289099999,43291099999,remote,VOMY"
Mandya,2023-06-14,31,21.8,25.9,32.9,21.8,26.6,19.7,69.7,0.3,100,12.5,rain,0,0,42.5,27.7,265.3,1011.8,42.5,15.2,239.5,20.7,10,10,2023-06-14 5:57:02,2023-06-14 18:48:20,0.86,"Rain, Partially cloudy",Partly cloudy throughout the day with rain.,rain,"43289099999,43291099999,remote,VOMY,43263099999"
Mandya,2023-06-15,34,21.9,26.9,34.1,21.9,27.8,19.8,67,0,0,0,,0,0,36.7,24.4,270.7,1011.6,54,16.6,316.8,27.6,10,10,2023-06-15 5:57:11,2023-06-15 18:48:35,0.9,Partially cloudy,Partly cloudy throughout the day.,partly-cloudy-day,"remote,VOMY,43263099999"
Mandya,2023-06-16,32,22.1,26.9,33.4,22.1,27.6,19.3,64.4,0,0,0,,0,0,38.9,29.9,260.1,1010.6,45.9,16.7,316,27.4,10,10,2023-06-16 5:57:21,2023-06-16 18:48:51,0.93,Partially cloudy,Partly cloudy throughout the day.,partly-cloudy-day,"43289099999,43291099999,remote,VOMY,43263099999"
Mandya,2023-06-17,32,22.1,26.7,32.8,22.1,27.1,19,64.5,0.4,100,12.5,rain,0,0,41.8,20.5,260.7,1010.8,56.8,15.8,278.6,24.2,10,10,2023-06-17 5:57:32,2023-06-17 18:49:06,0.97,"Rain, Partially cloudy",Partly cloudy throughout the day with late afternoon rain.,rain,"43289099999,43291099999,remote,VOMY,43263099999"
Mandya,2023-06-18,30,21.7,25.5,31.3,21.7,25.9,19.7,71.8,26.1,100,41.67,rain,0,0,33.8,20.2,261.2,1010.6,85,14.4,214.5,18.4,9,10,2023-06-18 5:57:43,2023-06-18 18:49:20,0,"Rain, Partially cloudy",Partly cloudy throughout the day with rain.,rain,"43289099999,43291099999,remote,VOMY"
Mandya,2023-06-19,31,22.3,25.5,32.9,22.3,26,20.5,75.6,8.5,100,45.83,rain,0,0,36,23.4,248.7,1009.7,73.7,13.5,177.1,15.2,8,30,2023-06-19 5:57:55,2023-06-19 18:49:34,0.04,"Rain, Partially cloudy",Partly cloudy throughout the day with rain.,rain,"43289099999,remote,VOMY,43263099999"
Mandya,2023-06-20,30,21.4,24.7,32.5,21.4,25.2,20.7,79.8,12,100,37.5,rain,0,0,37.1,18.7,263.8,1008.8,90.4,12.9,66.5,5.8,2,10,2023-06-20 5:58:07,2023-06-20 18:49:48,0.07,"Rain, Overcast",Cloudy skies throughout the day with a chance of rain throughout the day.,rain,"43289099999,43291099999,remote,VOMY,43263099999"
Mandya,2023-06-21,29,23,24.4,31.3,23,24.8,21,81.6,4.2,100,29.17,rain,0,0,29.5,22.3,270.1,1009.1,90.6,15.6,92,7.8,7,10,2023-06-21 5:58:19,2023-06-21 18:50:02,0.1,"Rain, Overcast",Cloudy skies throughout the day with rain.,rain,"43289099999,43291099999,remote,VOMY"
Mandya,2023-06-22,31,22.4,25.9,32.9,22.4,26.5,20.4,73.4,2,100,37.5,rain,0,0,40.7,18.4,257.4,1009.3,81.7,15.8,188.3,16.2,8,30,2023-06-22 5:58:32,2023-06-22 18:50:14,0.13,"Rain, Partially cloudy",Partly cloudy throughout the day with a chance of rain throughout the day.,rain,"43289099999,43291099999,remote,VOMY,43263099999"
Mandya,2023-06-23,30,22.3,24.5,31.3,22.3,24.8,20.2,77.6,2.5,100,29.17,rain,0,0,32.4,20.5,256.8,1010.5,82.4,14.5,205.3,17.8,9,10,2023-06-23 5:58:46,2023-06-23 18:50:27,0.17,"Rain, Partially cloudy",Partly cloudy throughout the day with rain.,rain,"remote,VOMY"
Mandya,2023-06-24,29,21.4,24.5,29.8,21.4,24.9,19.3,73.8,0.2,100,8.33,rain,0,0,40.7,27.7,249.8,1010,84.7,15.9,165.5,14.4,7,10,2023-06-24 5:58:59,2023-06-24 18:50:39,0.2,"Rain, Partially cloudy",Partly cloudy throughout the day with afternoon rain.,rain,"remote,VOMY"
Mandya,2023-06-25,29,21.1,24.7,30.2,21.1,25.1,19.5,73.9,0.1,100,4.17,rain,0,0,38.2,24.1,257,1009.6,82.2,16.4,203.2,17.5,9,10,2023-06-25 5:59:14,2023-06-25 18:50:50,0.23,"Rain, Partially cloudy",Partly cloudy throughout the day with afternoon rain.,rain,"43289099999,43291099999,remote,VOMY,43263099999"
Mandya,2023-06-26,28,21.5,24.5,29.2,21.5,24.9,18.9,71.7,0.1,100,4.17,rain,0,0,37.1,27.7,264.2,1010.6,90,15.8,188.3,16.2,8,10,2023-06-26 5:59:28,2023-06-26 18:51:01,0.25,"Rain, Partially cloudy",Partly cloudy throughout the day with afternoon rain.,rain,"43289099999,43291099999,remote,VOMY"
Mandya,2023-06-27,28,22,24.4,29.6,22,24.6,19.4,74.1,0.2,100,8.33,rain,0,0,39.2,27.7,242.6,1010.6,86.7,15.3,250,21.5,9,10,2023-06-27 5:59:43,2023-06-27 18:51:11,0.3,"Rain, Partially cloudy",Partly cloudy throughout the day with late afternoon rain.,rain,"43289099999,43291099999,remote,VOMY,43263099999"
Mandya,2023-06-28,29,21.6,24.9,30.7,21.6,25.2,19.3,72,0.4,100,16.67,rain,0,0,48.6,27.7,261.1,1011.7,82.1,16.8,246.9,21.3,8,10,2023-06-28 5:59:58,2023-06-28 18:51:20,0.33,"Rain, Partially cloudy",Partly cloudy throughout the day with rain.,rain,"remote,VOMY"
Mandya,2023-06-29,27.5,22.2,24.3,28.4,22.2,24.4,19.3,73.7,0.3,100,4.17,rain,0,0,53.6,33.5,257.7,1012.3,82.6,15.1,224,19.5,9,10,2023-06-29 6:00:13,2023-06-29 18:51:29,0.36,"Rain, Partially cloudy",Partly cloudy throughout the day with afternoon rain.,rain,"43289099999,43291099999,remote,VOMY"
Mandya,2023-06-30,30,22,25.6,31.8,22,26.2,19.4,69.5,1.3,100,12.5,rain,0,0,37.1,25.9,264.8,1011.7,55.7,16.6,247.4,21.4,9,10,2023-06-30 6:00:29,2023-06-30 18:51:37,0.39,"Rain, Partially cloudy",Partly cloudy throughout the day with rain.,rain,"43289099999,43291099999,remote,VOMY,43263099999"
Mandya,2023-07-01,31,21.8,25.8,31.9,21.8,26.3,19.7,70.8,1.1,100,25,rain,0,0,41,25.9,265.5,1012,55.6,15.5,239.3,20.5,9,10,2023-07-01 6:00:44,2023-07-01 18:51:45,0.43,"Rain, Partially cloudy",Partly cloudy throughout the day with rain.,rain,"43289099999,43291099999,remote,VOMY,43263099999"
Mandya,2023-07-02,29,22,25.3,30.7,22,25.8,19.4,70.9,0.4,100,8.33,rain,0,0,42.8,26.6,269.9,1011.4,80.8,16.3,227.3,19.6,9,10,2023-07-02 6:01:00,2023-07-02 18:51:52,0.46,"Rain, Partially cloudy",Partly cloudy throughout the day with late afternoon rain.,rain,"remote,VOMY"
Mandya,2023-07-03,30,22,25,31.3,22,25.3,19.9,74.4,3.2,100,50,rain,0,0,46.4,33.5,263.7,1010,77.6,14.7,78.2,6.9,3,10,2023-07-03 6:01:17,2023-07-03 18:51:58,0.5,"Rain, Partially cloudy",Partly cloudy throughout the day with a chance of rain throughout the day.,rain,"43289099999,43291099999,remote,VOMY,43263099999"
Mandya,2023-07-04,27,21.5,23.4,28.7,21.5,23.5,20.1,82.4,19,100,62.5,rain,0,0,60.1,29.2,242.3,1008,86.4,12.4,133,11.5,8,10,2023-07-04 6:01:33,2023-07-04 18:52:04,0.53,"Rain, Partially cloudy",Partly cloudy throughout the day with a chance of rain throughout the day.,rain,"43289099999,remote,VOMY"
Mandya,2023-07-05,28,20.6,22.6,29.2,20.6,22.7,19.7,84.1,13.1,100,70.83,rain,0,0,52.6,29.5,254.6,1007.3,95.5,15.1,32.7,2.8,2,10,2023-07-05 6:01:49,2023-07-05 18:52:08,0.56,"Rain, Overcast",Cloudy skies throughout the day with a chance of rain throughout the day.,rain,"43289099999,remote,VOMY"
Mandya,2023-07-06,25,20.2,22,25,20.2,22,20.1,89.2,6.9,100,70.83,rain,0,0,51.8,20.9,252.8,1009.9,94.6,13.5,39.2,3.5,1,10,2023-07-06 6:02:05,2023-07-06 18:52:12,0.6,"Rain, Overcast",Cloudy skies throughout the day with a chance of rain throughout the day.,rain,"43291099999,remote,VOMY"
Mandya,2023-07-07,28.1,20.6,23.1,29.3,20.6,23.1,20.1,83.6,2.8,100,41.67,rain,0,0,45,32.8,246.7,1011.3,93.2,16.4,204.1,17.8,8,10,2023-07-07 6:02:22,2023-07-07 18:52:16,0.63,"Rain, Overcast",Cloudy skies throughout the day with rain.,rain,"remote,VOMY"
Mandya,2023-07-08,27,21.4,23.5,28.7,21.4,23.7,20.1,81.4,0,0,0,,0,0,39.2,22.3,253.6,1012.4,86.3,15.9,115,9.9,6,10,2023-07-08 6:02:38,2023-07-08 18:52:18,0.67,Partially cloudy,Partly cloudy throughout the day.,partly-cloudy-day,"43289099999,remote,VOMY"
Mandya,2023-07-09,28.6,20.9,24.4,30.6,20.9,24.9,20.2,78.3,3,100,25,rain,0,0,33.5,19.1,261.5,1011.6,76.2,15.9,254,21.7,9,10,2023-07-09 6:02:55,2023-07-09 18:52:20,0.7,"Rain, Partially cloudy",Partly cloudy throughout the day with rain.,rain,"43289099999,43291099999,remote,VOMY"
Mandya,2023-07-10,29,22,24.9,31.3,22,25.4,20.6,77.7,2.6,100,37.5,rain,0,0,32,18.4,256.3,1010.8,92.5,15.8,201.3,17.4,8,10,2023-07-10 6:03:12,2023-07-10 18:52:20,0.75,"Rain, Overcast",Cloudy skies throughout the day with a chance of rain throughout the day.,rain,"43289099999,43291099999,remote,VOMY"
Mandya,2023-07-11,29,22,24.7,30.7,22,25.1,20,76.1,6.3,100,58.33,rain,0,0,44.6,27.7,259.6,1010.7,86.6,12.4,189.9,16.4,8,10,2023-07-11 6:03:28,2023-07-11 18:52:20,0.77,"Rain, Partially cloudy",Partly cloudy throughout the day with rain.,rain,"43289099999,remote,VOMY"
Mandya,2023-07-12,30,21.6,25.4,31.8,21.6,25.9,19.9,73,1.2,100,16.67,rain,0,0,36.7,23.8,257.3,1010.2,65.4,15.1,261.6,22.6,9,10,2023-07-12 6:03:44,2023-07-12 18:52:20,0.81,"Rain, Partially cloudy",Partly cloudy throughout the day with rain.,rain,"43289099999,43291099999,remote,VOMY,43263099999"
Mandya,2023-07-13,28,22.3,24.5,30.6,22.3,24.9,20.1,77.1,5.4,100,50,rain,0,0,48.2,25.9,252,1010.5,80.5,16.3,209.1,18.1,9,10,2023-07-13 6:04:01,2023-07-13 18:52:18,0.84,"Rain, Partially cloudy",Partly cloudy throughout the day with a chance of rain throughout the day.,rain,"43289099999,43291099999,remote,VOMY,43263099999"
Mandya,2023-07-14,28,21.7,24.3,30,21.7,24.6,19.6,75.7,0.1,100,4.17,rain,0,0,44.6,27.7,264.4,1012,77.8,15.8,184.1,15.9,7,10,2023-07-14 6:04:17,2023-07-14 18:52:15,0.88,"Rain, Partially cloudy",Partly cloudy throughout the day with afternoon rain.,rain,"43289099999,43291099999,remote,VOMY,43263099999"
Mandya,2023-07-15,30.1,21.1,24.8,32.5,21.1,25.4,19.9,74.8,0,0,0,,0,0,36.7,24.1,258.6,1011.7,65.8,15.5,231.8,20,9,10,2023-07-15 6:04:33,2023-07-15 18:52:12,0.91,Partially cloudy,Partly cloudy throughout the day.,partly-cloudy-day,"43289099999,43291099999,remote,VOMY,43263099999"
Mandya,2023-07-16,29,22,24.6,31.3,22,24.9,19.7,74.8,0,0,0,,0,0,57.6,27.7,266.2,1011.2,93.4,15.2,227.4,19.6,10,10,2023-07-16 6:04:49,2023-07-16 18:52:08,0.95,Overcast,Cloudy skies throughout the day.,cloudy,"43289099999,remote,VOMY"
Mandya,2023-07-17,29,21.8,24.7,31.3,21.8,25.1,19.7,74.5,0,0,0,,0,0,38.5,22.7,252.6,1011,75.7,15.8,264.1,22.7,9,10,2023-07-17 6:05:05,2023-07-17 18:52:03,0.98,Partially cloudy,Partly cloudy throughout the day.,partly-cloudy-day,"remote,VOMY"
Mandya,2023-07-18,28,21.4,24.3,29.2,21.4,24.7,19.1,73.2,0,0,0,,0,0,45,33.5,254.4,1010.5,82.5,15.8,297.5,25.8,10,10,2023-07-18 6:05:21,2023-07-18 18:51:57,0,Partially cloudy,Partly cloudy throughout the day.,partly-cloudy-day,"43289099999,43291099999,remote,VOMY"
Mandya,2023-07-19,28,21.4,24.4,29.6,21.4,24.9,19,72.2,0.3,100,12.5,rain,0,0,55.4,33.5,252.9,1008.8,85.1,15.4,165,14.1,5,10,2023-07-19 6:05:36,2023-07-19 18:51:50,0.05,"Rain, Partially cloudy",Partly cloudy throughout the day with rain.,rain,"43289099999,43291099999,remote,VOMY,43263099999"
Mandya,2023-07-20,28,21.3,24.5,29.6,21.3,24.9,19,71.8,0,0,0,,0,0,55.4,46.4,251.9,1009,86.5,15.7,271.9,23.5,10,10,2023-07-20 6:05:52,2023-07-20 18:51:42,0.08,Partially cloudy,Partly cloudy throughout the day.,partly-cloudy-day,"43289099999,43291099999,remote,VOMY,43263099999"
Mandya,2023-07-21,29,21.3,24.6,30.7,21.3,25,18.8,70.9,0.1,100,4.17,rain,0,0,54.7,33.5,257.5,1009.6,89.5,16.4,193.3,16.6,6,10,2023-07-21 6:06:07,2023-07-21 18:51:34,0.12,"Rain, Partially cloudy",Partly cloudy throughout the day with late afternoon rain.,rain,"43289099999,43291099999,remote,VOMY,43263099999"
Mandya,2023-07-22,26,22,23.5,26,22,23.5,19.6,79.2,2.3,100,41.67,rain,0,0,59,29.5,256.3,1011.8,91.8,14.5,150.3,12.9,7,10,2023-07-22 6:06:21,2023-07-22 18:51:24,0.15,"Rain, Overcast",Cloudy skies throughout the day with rain.,rain,"43291099999,remote,VOMY"
Mandya,2023-07-23,25,21.9,23.1,25,21.9,23.1,20.5,85.6,3.2,100,45.83,rain,0,0,56.2,24.8,257,1011.4,93.9,13.9,77.8,6.7,3,10,2023-07-23 6:06:36,2023-07-23 18:51:14,0.18,"Rain, Overcast",Cloudy skies throughout the day with rain.,rain,"43289099999,43291099999,remote,VOMY,43263099999"
Mandya,2023-07-24,24.7,21.5,22.5,24.7,21.5,22.5,20.3,87.4,8.6,100,54.17,rain,0,0,49.7,27.4,252.7,1011,94.5,13.4,58.9,5.2,4,10,2023-07-24 6:06:50,2023-07-24 18:51:02,0.22,"Rain, Overcast",Cloudy skies throughout the day with a chance of rain throughout the day.,rain,"43289099999,43291099999,remote,VOMY,43263099999"
Mandya,2023-07-25,25,21,22.1,25,21,22.1,19.7,86.6,4.9,100,62.5,rain,0,0,51.1,27.7,258.5,1011.2,95.3,14.9,42.2,3.6,2,10,2023-07-25 6:07:04,2023-07-25 18:50:50,0.25,"Rain, Overcast",Cloudy skies throughout the day with a chance of rain throughout the day.,rain,"43289099999,43291099999,remote,VOMY,43263099999"
Mandya,2023-07-26,25,20.9,22,25,20.9,22,19.7,87,13.8,100,58.33,rain,0,0,51.8,22.7,259.3,1012.3,94.5,15.4,45.3,4,2,10,2023-07-26 6:07:18,2023-07-26 18:50:37,0.25,"Rain, Overcast",Cloudy skies throughout the day with a chance of rain throughout the day.,rain,"remote,VOMY"
Mandya,2023-07-27,27,20.8,23,28.4,20.8,23.1,19.3,79.8,0.2,100,8.33,rain,0,0,47.9,33.5,270.8,1012.3,93.7,16,161.1,13.8,6,10,2023-07-27 6:07:31,2023-07-27 18:50:23,0.32,"Rain, Overcast",Cloudy skies throughout the day with rain.,rain,"43289099999,43291099999,remote,VOMY,43263099999"
Mandya,2023-07-28,28,20.9,23.9,29.6,20.9,24.2,19.2,75.4,0.2,100,8.33,rain,0,0,47.9,27.7,265.6,1012,73.4,15.6,197.9,17.2,7,10,2023-07-28 6:07:45,2023-07-28 18:50:08,0.35,"Rain, Partially cloudy",Partly cloudy throughout the day with morning rain.,rain,"43289099999,43291099999,remote,VOMY,43263099999"
Mandya,2023-07-29,28,20.8,24.1,29.6,20.8,24.3,18.8,73.1,0,0,0,,0,0,39.2,29.5,279,1012.4,64,16.8,221.9,19,8,10,2023-07-29 6:07:57,2023-07-29 18:49:53,0.38,Partially cloudy,Partly cloudy throughout the day.,partly-cloudy-day,"43291099999,remote,VOMY,43263099999"
Mandya,2023-07-30,28,20.6,24.5,29.2,20.6,24.9,19,72.3,0,0,0,,0,0,40.7,31.7,274.5,1011.7,49.8,16.2,271.1,23.3,10,10,2023-07-30 6:08:10,2023-07-30 18:49:36,0.42,Partially cloudy,Partly cloudy throughout the day.,partly-cloudy-day,"43289099999,43291099999,remote,VOMY,43263099999"
Mandya,2023-07-31,29,21.2,24.3,30.7,21.2,24.7,19.5,75,0,0,0,,0,0,42.5,24.1,265.1,1011.5,72.6,15,190.6,16.7,9,10,2023-07-31 6:08:22,2023-07-31 18:49:18,0.45,Partially cloudy,Partly cloudy throughout the day.,partly-cloudy-day,"43291099999,remote,VOMY,43263099999"
Mandya,2023-08-01,30,21.4,25.2,30.8,21.4,25.5,18.4,67.4,0,0,0,,0,0,44.6,29.5,270.5,1011.9,82.5,16.6,238.6,20.7,9,10,2023-08-01 6:08:34,2023-08-01 18:49:00,0.48,Partially cloudy,Partly cloudy throughout the day.,partly-cloudy-day,"43291099999,remote,VOMY,43263099999"
Mandya,2023-08-02,30,20.4,24.7,30.8,20.4,25.1,18.5,69.9,0,0,0,,0,0,43.6,27.7,262.5,1012.5,71.5,14.4,232.2,20.2,8,10,2023-08-02 6:08:45,2023-08-02 18:48:41,0.5,Partially cloudy,Partly cloudy throughout the day.,partly-cloudy-day,"43289099999,remote,VOMY,43263099999"
Mandya,2023-08-03,29.7,20.6,24.6,30.2,20.6,25,18.5,70,0,0,0,,0,0,42.8,29.9,265.8,1011.8,63.5,15.7,283.9,24.5,10,10,2023-08-03 6:08:56,2023-08-03 18:48:21,0.55,Partially cloudy,Partly cloudy throughout the day.,partly-cloudy-day,"43289099999,43291099999,remote,VOMY,43263099999"
Mandya,2023-08-04,30.7,20.8,24.9,31.1,20.8,25.2,18.9,70.9,0,0,0,,0,0,41.8,28.8,256.5,1013.1,48,16.7,220.9,18.9,9,10,2023-08-04 6:09:07,2023-08-04 18:48:00,0.59,Partially cloudy,Partly cloudy throughout the day.,partly-cloudy-day,"43289099999,43291099999,remote,VOMY,43263099999"
Mandya,2023-08-05,30.4,20.7,24.4,30.7,20.7,24.6,19.3,74.2,0,0,0,rain,0,0,37.4,27.4,254.5,1014.4,69.4,16.1,230.4,19.8,10,10,2023-08-05 6:09:17,2023-08-05 18:47:38,0.62,Partially cloudy,Partly cloudy throughout the day.,partly-cloudy-day,"43289099999,43291099999,remote,VOMY"
Mandya,2023-08-06,30,21,25.1,31.8,21,25.7,19.6,72.6,0,0,0,,0,0,34.6,25.9,264.4,1014.1,49.7,12.8,199.3,17.2,9,10,2023-08-06 6:09:27,2023-08-06 18:47:16,0.65,Partially cloudy,Partly cloudy throughout the day.,partly-cloudy-day,"remote,VOMY"
Mandya,2023-08-07,31,20.7,25.2,32.3,20.7,25.6,19.3,71.2,0,0,0,,0,0,35.3,22.3,264.5,1011.9,64.3,14.3,243.7,21.1,10,10,2023-08-07 6:09:36,2023-08-07 18:46:53,0.69,Partially cloudy,Partly cloudy throughout the day.,partly-cloudy-day,"43289099999,43291099999,remote,VOMY,43263099999"
Mandya,2023-08-08,30,21.1,25,31.3,21.1,25.4,19.2,71.6,1.9,100,16.67,rain,0,0,33.8,19.4,268.8,1011.8,77.1,14.2,201.8,17.5,9,10,2023-08-08 6:09:46,2023-08-08 18:46:28,0.75,"Rain, Partially cloudy",Partly cloudy throughout the day with rain.,rain,"43289099999,43291099999,remote,VOMY,43263099999"
Mandya,2023-08-09,31,21.1,25.7,31.8,21.1,26.2,19.2,68.7,0.9,100,12.5,rain,0,0,31,17.6,264.2,1012.6,70.4,15.4,219.2,18.9,10,10,2023-08-09 6:09:54,2023-08-09 18:46:04,0.76,"Rain, Partially cloudy",Partly cloudy throughout the day with rain.,rain,"43289099999,43291099999,remote,VOMY,43263099999"
Mandya,2023-08-10,31,22.3,25.2,32.3,22.3,25.5,19.7,72.6,9.1,100,54.17,rain,0,0,29.5,22.3,264.2,1013,76.9,15.8,181.4,15.4,9,10,2023-08-10 6:10:03,2023-08-10 18:45:38,0.79,"Rain, Partially cloudy",Partly cloudy throughout the day with a chance of rain throughout the day.,rain,"remote,VOMY,43263099999"
Mandya,2023-08-11,32,22,25.7,32.8,22,26.1,20,73.3,9.5,100,45.83,rain,0,0,21.2,22.3,236.5,1012.2,79.3,13.3,216.4,18.7,9,10,2023-08-11 6:10:11,2023-08-11 18:45:11,0.82,"Rain, Partially cloudy",Partly cloudy throughout the day with a chance of rain throughout the day.,rain,"43289099999,43291099999,remote,VOMY,43263099999"
Mandya,2023-08-12,31,21.8,25.7,32.3,21.8,26.2,19.7,71,7,100,41.67,rain,0,0,33.1,19.8,266.6,1012.1,69.1,13.8,210,18.1,9,10,2023-08-12 6:10:18,2023-08-12 18:44:44,0.86,"Rain, Partially cloudy",Partly cloudy throughout the day with a chance of rain throughout the day.,rain,"43289099999,remote,VOMY"
Mandya,2023-08-13,30,21.2,25.7,32.5,21.2,26.3,19.4,69.6,0.1,100,4.17,rain,0,0,33.1,19.8,258.6,1012.1,73.6,16.6,273.2,23.6,9,10,2023-08-13 6:10:25,2023-08-13 18:44:16,0.89,"Rain, Partially cloudy",Partly cloudy throughout the day with late afternoon rain.,rain,"43291099999,remote,VOMY,43263099999"
Mandya,2023-08-14,30,21.7,25.4,30.8,21.7,25.7,18.8,68.2,0,0,0,,0,0,32.8,19.1,257.5,1012.1,76.3,14.9,278.7,24,10,10,2023-08-14 6:10:32,2023-08-14 18:43:48,0.93,Partially cloudy,Partly cloudy throughout the day.,partly-cloudy-day,"43289099999,43291099999,remote,VOMY,43263099999"
Mandya,2023-08-15,32.1,20.7,25.8,31.5,20.7,26,17.7,63,0,0,0,,0,0,32.4,23,257.8,1012,76.8,17.8,298.6,25.7,10,10,2023-08-15 6:10:39,2023-08-15 18:43:18,0.96,Partially cloudy,Partly cloudy throughout the day.,partly-cloudy-day,"43289099999,remote,VOMY"
Mandya,2023-08-16,32,20.9,26,32.8,20.9,26.5,18.7,65.8,1.6,100,12.5,rain,0,0,32.8,20.5,262.4,1012.3,30.1,16.1,304.8,26.4,10,10,2023-08-16 6:10:45,2023-08-16 18:42:48,0,"Rain, Partially cloudy",Partly cloudy throughout the day with late afternoon rain.,rain,"43289099999,43291099999,remote,VOMY"
Mandya,2023-08-17,30,21.5,24.9,30.8,21.5,25.3,19.3,72,1.5,100,16.67,rain,0,0,35.6,27.7,261.2,1012.9,67.7,14.9,223,19.2,10,10,2023-08-17 6:10:51,2023-08-17 18:42:18,0.03,"Rain, Partially cloudy",Partly cloudy throughout the day with rain.,rain,"43291099999,remote,VOMY,43263099999"
Mandya,2023-08-18,30,21.2,25.3,31.3,21.2,25.7,18.7,68,0,0,0,,0,0,39.6,24.5,259.2,1011.6,72.2,15.4,238.1,20.6,9,10,2023-08-18 6:10:56,2023-08-18 18:41:46,0.06,Partially cloudy,Partly cloudy throughout the day.,partly-cloudy-day,"43289099999,43291099999,remote,VOMY,43263099999"
Mandya,2023-08-19,29.5,21,24.3,29.8,21,24.5,18.7,72.3,0.1,100,4.17,rain,0,0,40,27,259.8,1010.5,92.1,20.1,223.3,19.4,10,10,2023-08-19 6:11:01,2023-08-19 18:41:14,0.1,"Rain, Overcast",Cloudy skies throughout the day with afternoon rain.,rain,"remote,VOMY,43263099999"
Mandya,2023-08-20,30,20.7,25.2,31.3,20.7,25.7,18.9,69.4,0.2,100,8.33,rain,0,0,35.6,22.7,267.6,1010.2,54.9,16.6,199,17.3,10,10,2023-08-20 6:11:06,2023-08-20 18:40:42,0.13,"Rain, Partially cloudy",Partly cloudy throughout the day with late afternoon rain.,rain,"43289099999,43291099999,remote,VOMY,43263099999"
Mandya,2023-08-21,31,20.7,26.1,32.2,20.7,26.8,19.1,67.1,0.1,100,4.17,rain,0,0,28.8,19.8,277.3,1010.5,36.5,15.5,281.9,24.4,10,10,2023-08-21 6:11:10,2023-08-21 18:40:08,0.17,"Rain, Partially cloudy",Partly cloudy throughout the day with late afternoon rain.,rain,"43291099999,remote,VOMY,43263099999"
Mandya,2023-08-22,31,23.3,26.9,32.3,23.3,27.5,19.5,64.8,0.6,100,16.67,rain,0,0,23.4,14.8,261.5,1010,59.6,15.3,220.8,19.1,10,10,2023-08-22 6:11:14,2023-08-22 18:39:35,0.2,"Rain, Partially cloudy",Partly cloudy throughout the day with rain.,rain,"43289099999,43291099999,remote,VOMY,43263099999"
Mandya,2023-08-23,32,22.1,26.8,32.8,22.1,27.3,19,64,0.2,100,8.33,rain,0,0,32.4,23,254.1,1010.5,57.8,16.6,284.4,24.5,10,10,2023-08-23 6:11:18,2023-08-23 18:39:00,0.23,"Rain, Partially cloudy",Partly cloudy throughout the day with early morning rain.,rain,"remote,VOMY"
Mandya,2023-08-24,32,21.6,26.1,31.9,21.6,26.2,18.6,65.6,0,0,0,rain,0,0,32,21.6,262.4,1010.8,62.8,15.7,272.1,23.6,9,10,2023-08-24 6:11:21,2023-08-24 18:38:25,0.25,Partially cloudy,Partly cloudy throughout the day.,partly-cloudy-day,"43291099999,remote,VOMY"
Mandya,2023-08-25,32,21,26.2,32.3,21,26.5,18.4,64.6,0.1,100,4.17,rain,0,0,37.8,25.9,257.5,1010.3,74,17.5,283.7,24.4,10,10,2023-08-25 6:11:24,2023-08-25 18:37:50,0.3,"Rain, Partially cloudy",Partly cloudy throughout the day with late afternoon rain.,rain,"43289099999,remote,VOMY"
Mandya,2023-08-26,32,21.8,26.1,33.4,21.8,26.7,19.5,68.4,1.1,100,16.67,rain,0,0,26.3,20.5,259.3,1011.3,75.1,15.9,256.8,22.1,9,10,2023-08-26 6:11:27,2023-08-26 18:37:14,0.34,"Rain, Partially cloudy",Partly cloudy throughout the day with late afternoon rain.,rain,"43289099999,remote,VOMY"
Mandya,2023-08-27,32,22,25.1,33.4,22,25.3,19.6,73.9,16.2,100,41.67,rain,0,0,53.6,29.5,287.9,1012.3,81.3,13.6,163.5,14.2,9,10,2023-08-27 6:11:29,2023-08-27 18:36:37,0.37,"Rain, Partially cloudy",Partly cloudy throughout the day with rain.,rain,"43289099999,remote,VOMY"
Mandya,2023-08-28,32,22.6,26.4,31.8,22.6,26.5,18.9,66.4,1.1,100,16.67,rain,0,0,29.9,15.8,264.5,1011.5,70.6,17.3,241.4,20.7,10,10,2023-08-28 6:11:31,2023-08-28 18:36:00,0.4,"Rain, Partially cloudy",Partly cloudy throughout the day with rain.,rain,"43289099999,remote,VOMY"
Mandya,2023-08-29,31.5,22.4,26.3,31.8,22.4,26.6,19,65.8,1,100,16.67,rain,0,0,31.7,16.9,283.1,1010.7,78.8,16.2,242.1,21,10,10,2023-08-29 6:11:33,2023-08-29 18:35:23,0.44,"Rain, Partially cloudy",Partly cloudy throughout the day with rain.,rain,"43289099999,43291099999,remote,VOMY"
Mandya,2023-08-30,32,21.9,26.9,33.3,21.9,27.3,18.8,63.1,0.3,100,12.5,rain,0,0,31,17.6,281.1,1010.5,76.5,18.5,240.2,20.7,10,10,2023-08-30 6:11:35,2023-08-30 18:34:45,0.47,"Rain, Partially cloudy",Partly cloudy throughout the day with rain.,rain,"43291099999,remote,VOMY,43263099999"
Mandya,2023-08-31,31,22.4,26.4,32.9,22.4,27,19.5,66.4,2.2,100,33.33,rain,0,0,21.6,16.6,277.8,1010.3,70.1,18,206.4,17.7,9,10,2023-08-31 6:11:36,2023-08-31 18:34:07,0.5,"Rain, Partially cloudy",Partly cloudy throughout the day with rain.,rain,"remote,VOMY,43263099999"
Mandya,2023-09-01,31,22,26.1,32.9,22,26.8,20.2,71.4,3.6,100,29.17,rain,0,0,26.3,16.6,237.3,1010.5,56.9,15.3,248.5,21.4,10,10,2023-09-01 6:11:37,2023-09-01 18:33:28,0.54,"Rain, Partially cloudy",Partly cloudy throughout the day with rain.,rain,"43289099999,43291099999,remote,VOMY,43263099999"
Mandya,2023-09-02,30,22.6,25.4,31.8,22.6,26,20.7,75.9,8.1,100,50,rain,0,0,34.2,20.5,257.6,1010.5,74.6,13.6,225.7,19.4,9,10,2023-09-02 6:11:38,2023-09-02 18:32:49,0.57,"Rain, Partially cloudy",Partly cloudy throughout the day with rain.,rain,"43289099999,remote,VOMY"
Mandya,2023-09-03,29,21.6,25.1,31.1,21.6,25.6,20.1,74.8,3.1,100,25,rain,0,0,37.8,20.5,260.7,1009.7,78.9,14.9,189.7,16.3,8,10,2023-09-03 6:11:39,2023-09-03 18:32:10,0.61,"Rain, Partially cloudy",Partly cloudy throughout the day with rain.,rain,"43289099999,43291099999,remote,VOMY,43263099999"
Mandya,2023-09-04,29,21.3,24.4,30.2,21.3,24.7,18.6,71.3,0.2,100,8.33,rain,0,0,44.6,25.9,273,1008.5,82.7,17.7,113.7,9.7,6,10,2023-09-04 6:11:40,2023-09-04 18:31:30,0.64,"Rain, Partially cloudy",Partly cloudy throughout the day with rain.,rain,"43289099999,43291099999,remote,VOMY,43263099999"
Mandya,2023-09-05,28,21.3,23.7,29.6,21.3,24,19.6,78.3,2.5,100,25,rain,0,0,40.7,22.3,255.6,1008.9,92.4,15.9,159.8,13.6,8,10,2023-09-05 6:11:40,2023-09-05 18:30:50,0.67,"Rain, Overcast",Cloudy skies throughout the day with rain.,rain,"43289099999,43291099999,remote,VOMY"
Mandya,2023-09-06,28,21.4,23.9,30,21.4,24.3,20.1,79.9,5.3,100,29.17,rain,0,0,39.6,22.3,246.7,1009.3,94.1,15.5,143.9,12.5,8,10,2023-09-06 6:11:40,2023-09-06 18:30:10,0.71,"Rain, Overcast",Cloudy skies throughout the day with a chance of rain throughout the day.,rain,"43289099999,43291099999,remote,VOMY"
Mandya,2023-09-07,28,21.4,23.8,30,21.4,24,20.3,81.4,0.4,100,16.67,rain,0,0,38.2,22.3,249,1010.4,89.2,14.3,206.1,17.8,9,10,2023-09-07 6:11:40,2023-09-07 18:29:29,0.75,"Rain, Partially cloudy",Partly cloudy throughout the day with rain.,rain,"43289099999,43291099999,remote,VOMY"
Mandya,2023-09-08,28,21.5,24.1,30,21.5,24.4,20.1,79,0.4,100,16.67,rain,0,0,42.5,23.4,244.3,1011.1,87.2,15.4,167.3,14.5,7,10,2023-09-08 6:11:40,2023-09-08 18:28:48,0.77,"Rain, Partially cloudy",Partly cloudy throughout the day with rain in the morning and afternoon.,rain,"43289099999,43291099999,remote,VOMY"
Mandya,2023-09-09,29,21.3,24.6,31.9,21.3,25.2,20,76.1,0,0,0,,0,0,53.6,25.9,253.3,1011,59.5,15.7,268.3,23.4,10,10,2023-09-09 6:11:40,2023-09-09 18:28:07,0.81,Partially cloudy,Partly cloudy throughout the day.,partly-cloudy-day,"remote,VOMY,43263099999"
Mandya,2023-09-10,30,21.3,24.7,31.8,21.3,25.1,19.7,74.6,0,0,0,rain,0,0,40.3,23.4,254.5,1010.2,63,15.8,239.8,20.7,10,10,2023-09-10 6:11:39,2023-09-10 18:27:26,0.84,Partially cloudy,Partly cloudy throughout the day.,partly-cloudy-day,"43289099999,43291099999,remote,VOMY,43263099999"
Mandya,2023-09-11,29,21.5,24.9,30.2,21.5,25.2,19.1,71.4,0.2,100,8.33,rain,0,0,44.6,25.9,265.6,1010.2,62.9,15.8,201.7,17.4,9,10,2023-09-11 6:11:39,2023-09-11 18:26:45,0.87,"Rain, Partially cloudy",Partly cloudy throughout the day with afternoon rain.,rain,"43289099999,43291099999,remote,VOMY,43263099999"
Mandya,2023-09-12,31,21.1,25.4,32.3,21.1,25.8,19.2,70.4,0.4,100,16.67,rain,0,0,40.7,24.1,268.5,1011,66.3,16.1,268,23.2,10,10,2023-09-12 6:11:38,2023-09-12 18:26:03,0.91,"Rain, Partially cloudy",Partly cloudy throughout the day with late afternoon rain.,rain,"remote,VOMY"
Mandya,2023-09-13,28,20.6,24.4,30,20.6,24.8,19.4,74.5,0.1,100,4.17,rain,0,0,36.4,19.8,257.9,1010.7,62.8,15.4,220.6,19,10,10,2023-09-13 6:11:38,2023-09-13 18:25:21,0.94,"Rain, Partially cloudy",Partly cloudy throughout the day with afternoon rain.,rain,"43289099999,43291099999,remote,VOMY"
Mandya,2023-09-14,28,21.1,23.6,29.6,21.1,23.8,19.8,79.9,3.1,100,20.83,rain,0,0,51.8,29.5,249.8,1011.3,77.4,15,187.4,16.2,8,10,2023-09-14 6:11:37,2023-09-14 18:24:39,0.97,"Rain, Partially cloudy",Partly cloudy throughout the day with rain.,rain,"remote,VOMY,43263099999"
Mandya,2023-09-15,28.6,21.6,24.2,30.3,21.6,24.6,20.3,79.4,1.7,100,29.17,rain,0,0,38.2,29.5,249.7,1011,80.8,16.5,254.3,22,8,10,2023-09-15 6:11:36,2023-09-15 18:23:57,0,"Rain, Partially cloudy",Partly cloudy throughout the day with a chance of rain throughout the day.,rain,"43289099999,remote,VOMY,43263099999"
Mandya,2023-09-16,29,22.1,24.4,31.3,22.1,24.8,20.1,77.4,0.1,100,4.17,rain,0,0,44.6,24.1,254.7,1011.2,82.7,15.6,157,13.6,8,10,2023-09-16 6:11:35,2023-09-16 18:23:15,0.04,"Rain, Partially cloudy",Partly cloudy throughout the day with afternoon rain.,rain,"43289099999,43291099999,remote,VOMY,43263099999"
Mandya,2023-09-17,28,21.5,23.8,30,21.5,24.1,20.3,81.2,3,100,50,rain,0,0,38.9,20.5,253.5,1010.8,80.5,15,202.6,17.4,8,30,2023-09-17 6:11:35,2023-09-17 18:22:33,0.08,"Rain, Partially cloudy",Partly cloudy throughout the day with a chance of rain throughout the day.,rain,"remote,VOMY"
Mandya,2023-09-18,29,20.5,24,31.3,20.5,24.5,20.2,80.2,5.6,100,29.17,rain,0,0,38.9,24.1,257.9,1010.8,75.9,12.5,230.5,19.8,10,10,2023-09-18 6:11:34,2023-09-18 18:21:51,0.11,"Rain, Partially cloudy",Partly cloudy throughout the day with rain.,rain,"43289099999,43291099999,remote,VOMY"
Mandya,2023-09-19,30,20.8,24.4,31.8,20.8,24.6,19.7,76.4,0.4,100,8.33,rain,0,0,31,18.4,264.8,1011.9,69.6,15,269.6,23.3,10,10,2023-09-19 6:11:33,2023-09-19 18:21:09,0.15,"Rain, Partially cloudy",Partly cloudy throughout the day with late afternoon rain.,rain,"43289099999,remote,VOMY"
Mandya,2023-09-20,31,21,25,32.3,21,25.6,20.1,75.6,1.1,100,29.17,rain,0,0,26.6,16.6,258.3,1011.9,80.6,15.2,200.1,17.3,8,10,2023-09-20 6:11:33,2023-09-20 18:20:27,0.18,"Rain, Partially cloudy",Partly cloudy throughout the day with rain.,rain,"43289099999,remote,VOMY"
Mandya,2023-09-21,30,21.2,24.8,31.8,21.2,25.4,20.2,76.7,2.7,100,29.17,rain,0,0,31.3,15.5,251.6,1011.9,77.3,15.5,203.3,17.6,9,10,2023-09-21 6:11:32,2023-09-21 18:19:45,0.22,"Rain, Partially cloudy",Partly cloudy throughout the day with rain.,rain,"43289099999,remote,VOMY"
Mandya,2023-09-22,33,20.8,25.8,34.5,20.8,26.3,19.8,72.1,4.5,100,33.33,rain,0,0,28.8,15.7,249.8,1011.4,75.4,16.7,222,19.2,9,30,2023-09-22 6:11:32,2023-09-22 18:19:03,0.25,"Rain, Partially cloudy",Partly cloudy throughout the day with rain.,rain,"43291099999,remote,VOMY"
Mandya,2023-09-23,31,21.1,25,32.9,21.1,25.7,20.6,77.9,2.8,100,29.17,rain,0,0,40.7,27.7,254.5,1011.8,78.2,16.3,220.5,19.1,10,30,2023-09-23 6:11:31,2023-09-23 18:18:21,0.25,"Rain, Partially cloudy",Partly cloudy throughout the day with rain.,rain,"43291099999,remote,VOMY"
Mandya,2023-09-24,30.5,21.3,25.2,32.5,21.3,25.8,20.3,75.6,0.3,100,12.5,rain,0,0,42.5,18.4,262.5,1011.8,76.1,17.1,149,13,5,10,2023-09-24 6:11:31,2023-09-24 18:17:39,0.32,"Rain, Partially cloudy",Partly cloudy throughout the day with late afternoon rain.,rain,"43289099999,remote,VOMY"
Mandya,2023-09-25,29,20.5,24.6,30.7,20.5,25,19.6,75.1,6.6,100,45.83,rain,0,0,28.8,20.5,266.6,1011.4,62.6,15.5,143.2,12.1,8,30,2023-09-25 6:11:31,2023-09-25 18:16:58,0.36,"Rain, Partially cloudy",Partly cloudy throughout the day with rain.,rain,"remote,VOMY"
Mandya,2023-09-26,31.6,21.6,24.8,32.1,21.6,25.3,20,76.2,6.6,100,37.5,rain,0,0,38.5,22.3,263,1010.7,75.1,15.8,225.1,19.5,10,10,2023-09-26 6:11:31,2023-09-26 18:16:16,0.39,"Rain, Partially cloudy",Partly cloudy throughout the day with rain.,rain,"43291099999,remote,VOMY"
Mandya,2023-09-27,30,20.3,24.2,31.3,20.3,24.6,19.6,77.2,0,0,0,,0,0,39.2,22.3,256.5,1011.4,58.1,15.6,267.1,23.1,10,10,2023-09-27 6:11:31,2023-09-27 18:15:35,0.43,Partially cloudy,Partly cloudy throughout the day.,partly-cloudy-day,"43291099999,remote,VOMY"
Mandya,2023-09-28,28,20.5,23.5,29.6,20.5,23.7,19.5,78.8,3.3,100,41.67,rain,0,0,44.6,37.1,252.7,1010.8,81.8,16,188.9,16.3,8,10,2023-09-28 6:11:31,2023-09-28 18:14:54,0.46,"Rain, Partially cloudy",Partly cloudy throughout the day with rain.,rain,"remote,VOMY"
Mandya,2023-09-29,27,20.1,23.3,28.1,20.1,23.4,19.2,78.4,0.3,100,8.33,rain,0,0,44.6,31.7,243.3,1011,74.1,16.8,219.1,19.1,9,10,2023-09-29 6:11:32,2023-09-29 18:14:13,0.5,"Rain, Partially cloudy",Partly cloudy throughout the day with rain.,rain,"43289099999,remote,VOMY"
Mandya,2023-09-30,29,20.4,23.7,30.7,20.4,24,19.5,77.8,0,0,0,,0,0,43.2,31.7,241.9,1011.6,78.3,17.1,222,19.1,9,10,2023-09-30 6:11:32,2023-09-30 18:13:32,0.53,Partially cloudy,Partly cloudy throughout the day.,partly-cloudy-day,"remote,VOMY"
Mandya,2023-10-01,28,21.4,23.5,29.6,21.4,23.6,19.9,80.7,0.1,100,4.17,rain,0,0,45.4,25.9,248.7,1011.5,85.6,16,223.5,19.3,8,10,2023-10-01 6:11:33,2023-10-01 18:12:52,0.56,"Rain, Partially cloudy",Partly cloudy throughout the day with morning rain.,rain,"remote,VOMY"
Mandya,2023-10-02,30,20.3,24.8,31.8,20.3,25.2,19.2,72.9,0,0,0,,0,0,38.9,22.3,264.9,1012.2,60.4,15.6,289.4,24.9,10,10,2023-10-02 6:11:35,2023-10-02 18:12:12,0.59,Partially cloudy,Partly cloudy throughout the day.,partly-cloudy-day,"remote,VOMY"
Mandya,2023-10-03,31,19.4,24.8,31.8,19.4,25.1,18.8,72.2,0.4,100,12.5,rain,0,0,34.6,17.3,261.2,1012.8,53.6,16.2,294,25.4,10,10,2023-10-03 6:11:36,2023-10-03 18:11:32,0.63,"Rain, Partially cloudy",Partly cloudy throughout the day with late afternoon rain.,rain,"remote,VOMY"
Mandya,2023-10-04,33.2,19.7,25.4,32.4,19.7,25.5,18.1,68.3,0,0,0,,0,0,30.6,15.5,254.7,1012.6,40.5,17.3,296.8,25.7,10,10,2023-10-04 6:11:38,2023-10-04 18:10:52,0.66,Partially cloudy,Partly cloudy throughout the day.,partly-cloudy-day,"remote,VOMY"
Mandya,2023-10-05,33,20.2,26,32.2,20.2,25.9,17.3,63.1,0,0,0,,0,0,21.2,13,240.1,1012.1,36.5,16.5,295.5,25.4,10,10,2023-10-05 6:11:40,2023-10-05 18:10:13,0.69,Partially cloudy,Partly cloudy throughout the day.,partly-cloudy-day,"43289099999,remote,VOMY"
Mandya,2023-10-06,33,20.2,25.7,33.4,20.2,26,18,65.4,0,0,0,,0,0,24.8,14.8,241,1011.7,56.8,16.2,255.4,22.2,10,10,2023-10-06 6:11:42,2023-10-06 18:09:35,0.75,Partially cloudy,Partly cloudy throughout the day.,partly-cloudy-day,"remote,VOMY"
Mandya,2023-10-07,33,20.3,25.3,33.9,20.3,25.8,19.4,72.8,8.4,100,50,rain,0,0,23,15.5,286.4,1011.1,45.9,14.5,177.3,15.3,8,10,2023-10-07 6:11:45,2023-10-07 18:08:57,0.76,"Rain, Partially cloudy",Partly cloudy throughout the day with rain.,rain,"43289099999,remote,VOMY,43263099999"
Mandya,2023-10-08,31,22,25.3,32.9,22,25.9,20.4,75.9,8,100,41.67,rain,0,0,31.7,18.4,166.3,1012.1,73.3,12.7,204.7,17.7,9,10,2023-10-08 6:11:48,2023-10-08 18:08:19,0.79,"Rain, Partially cloudy",Partly cloudy throughout the day with rain.,rain,"43289099999,43291099999,remote,VOMY"
Mandya,2023-10-09,30,21.9,24.6,34,21.9,25.2,21,81.1,12,100,70.83,rain,0,0,16.9,14.8,191.2,1013.8,59,12.1,265.6,23.1,10,30,2023-10-09 6:11:52,2023-10-09 18:07:41,0.82,"Rain, Partially cloudy",Partly cloudy throughout the day with a chance of rain throughout the day.,rain,"43289099999,43291099999,remote,VOMY"
Mandya,2023-10-10,31,20.6,25.2,34.4,20.6,26,21,79.6,8.9,100,58.33,rain,0,0,15.5,11.2,104,1013.4,66.4,14.5,246.5,21.3,10,30,2023-10-10 6:11:56,2023-10-10 18:07:05,0.85,"Rain, Partially cloudy",Partly cloudy throughout the day with a chance of rain throughout the day.,rain,"43289099999,43291099999,remote,VOMY"
Mandya,2023-10-11,31,22.5,25.8,33.2,22.5,26.5,20.6,73.9,2,100,45.83,rain,0,0,13,9.4,164.4,1013.1,72.6,15.4,190.1,16.5,10,30,2023-10-11 6:12:00,2023-10-11 18:06:28,0.89,"Rain, Partially cloudy",Partly cloudy throughout the day with a chance of rain throughout the day.,rain,"remote,VOMY"
Mandya,2023-10-12,30,21,25.2,31.9,21,25.8,20.2,75,3.6,100,33.33,rain,0,0,24.1,11.2,112.4,1014,79.3,15.4,225.3,19.5,10,10,2023-10-12 6:12:05,2023-10-12 18:05:53,0.92,"Rain, Partially cloudy",Partly cloudy throughout the day with rain.,rain,"43291099999,remote,VOMY"
Mandya,2023-10-13,30,20.5,24.8,30.3,20.5,25,18,68.2,0,0,0,,0,0,19.4,13,92.9,1014.5,66.2,15.1,294,25.4,10,10,2023-10-13 6:12:10,2023-10-13 18:05:17,0.95,Partially cloudy,Partly cloudy throughout the day.,partly-cloudy-day,"43289099999,43291099999,remote,VOMY"
Mandya,2023-10-14,30,19.4,24.6,30.7,19.4,24.8,15.9,59.8,0,0,0,,0,0,9.7,9.4,55.3,1014.5,61.4,15.2,292.4,25.2,10,10,2023-10-14 6:12:15,2023-10-14 18:04:43,0,Partially cloudy,Partly cloudy throughout the day.,partly-cloudy-day,"43289099999,43291099999,remote,VOMY"
Mandya,2023-10-15,31,19.9,24.7,31.8,19.9,25,17.1,63.4,0,0,0,,0,0,8.3,9.4,201.2,1013.4,63.5,14.4,159.7,13.8,6,10,2023-10-15 6:12:21,2023-10-15 18:04:09,0.02,Partially cloudy,Partly cloudy throughout the day.,partly-cloudy-day,"43289099999,remote,VOMY"
Mandya,2023-10-16,31,20,25.1,32.3,20,25.7,18.6,67.8,0.3,100,12.5,rain,0,0,23.8,13,120.7,1013.1,48.7,14.9,239,20.8,10,10,2023-10-16 6:12:28,2023-10-16 18:03:35,0.05,"Rain, Partially cloudy",Partly cloudy throughout the day with rain.,rain,"43289099999,43291099999,remote,VOMY"
Mandya,2023-10-17,31,21.2,26,32.3,21.2,26.5,19.3,68.1,0.1,100,4.17,rain,0,0,15.5,11.2,101.6,1013.5,72.7,16.2,218.7,18.8,10,10,2023-10-17 6:12:35,2023-10-17 18:03:03,0.09,"Rain, Partially cloudy",Partly cloudy throughout the day with afternoon rain.,rain,"43289099999,43291099999,remote,VOMY,43263099999"
Mandya,2023-10-18,30,20,25.3,31,20,25.5,17.4,63,0.1,100,4.17,rain,0,0,26.3,16.6,72.4,1014.1,56.7,17.6,283.9,24.6,10,10,2023-10-18 6:12:42,2023-10-18 18:02:31,0.12,"Rain, Partially cloudy",Partly cloudy throughout the day with early morning rain.,rain,"43289099999,43291099999,remote,VOMY,43263099999"
Mandya,2023-10-19,31,20.4,25.5,31.3,20.4,25.7,17.2,61.9,0,0,0,,0,0,25.6,14.4,70.7,1013.5,85.5,19,253.9,21.8,9,10,2023-10-19 6:12:50,2023-10-19 18:01:59,0.16,Partially cloudy,Partly cloudy throughout the day.,partly-cloudy-day,"43289099999,43291099999,remote,VOMY"
Mandya,2023-10-20,31,19.8,25.4,31.3,19.8,25.6,17.1,61.8,0,0,0,,0,0,21.6,13,81.6,1014.2,52.5,15.6,257.7,22.2,9,10,2023-10-20 6:12:59,2023-10-20 18:01:29,0.2,Partially cloudy,Partly cloudy throughout the day.,partly-cloudy-day,"43289099999,43291099999,remote,VOMY"
Mandya,2023-10-21,31,20.3,25.8,31.8,20.3,26.4,18.3,64.5,0.1,100,4.17,rain,0,0,24.1,11.2,72.6,1014.4,67,15.2,286.4,24.9,10,10,2023-10-21 6:13:08,2023-10-21 18:00:59,0.23,"Rain, Partially cloudy",Partly cloudy throughout the day with early morning rain.,rain,"43289099999,43291099999,remote,VOMY"
Mandya,2023-10-22,31,20.4,25.7,31.8,20.4,26.1,17.9,63.7,0,0,0,,0,0,14,11.2,79.9,1014.5,64.7,15.8,177.5,15.3,10,10,2023-10-22 6:13:18,2023-10-22 18:00:30,0.25,Partially cloudy,Partly cloudy throughout the day.,partly-cloudy-day,"43289099999,43291099999,remote,VOMY"
Mandya,2023-10-23,31,19.8,24.9,30.9,19.8,25,15.6,58.3,0,0,0,,0,0,18.4,11.2,46,1014.4,51,15.5,273.9,23.6,9,10,2023-10-23 6:13:28,2023-10-23 18:00:01,0.3,Partially cloudy,Partly cloudy throughout the day.,partly-cloudy-day,"remote,VOMY"
Mandya,2023-10-24,31,17.5,24.1,30,17.5,23.9,11.9,47.7,0,0,0,,0,0,13.7,13,46.1,1013.8,27.3,16.9,291,25.1,10,10,2023-10-24 6:13:39,2023-10-24 17:59:34,0.34,Partially cloudy,Clearing in the afternoon.,partly-cloudy-day,"43289099999,remote,VOMY"
Mandya,2023-10-25,32,17.5,24.3,31.2,17.5,24.1,12.2,48,0,0,0,,0,0,11.5,11.2,42.2,1015,13,15.8,287.5,24.9,10,10,2023-10-25 6:13:50,2023-10-25 17:59:07,0.37,Clear,Clear conditions throughout the day.,clear-day,"43289099999,43291099999,remote,VOMY"
Mandya,2023-10-26,31.1,17.9,24.3,30,17.9,24.4,13.9,53.2,0,0,0,,0,0,15.1,14.8,52.8,1015.1,17.3,15.5,283.6,24.5,10,10,2023-10-26 6:14:02,2023-10-26 17:58:41,0.41,Clear,Clear conditions throughout the day.,clear-day,"43289099999,43291099999,remote,VOMY"
Mandya,2023-10-27,30,18.3,24.3,30,18.3,24.4,15.5,59.1,0,0,0,,0,0,22.3,14.8,76.1,1013.5,47.9,16.1,278.9,24,10,10,2023-10-27 6:14:15,2023-10-27 17:58:16,0.44,Partially cloudy,Partly cloudy throughout the day.,partly-cloudy-day,"43289099999,43291099999,remote,VOMY"
Mandya,2023-10-28,31,19.4,24.9,31.8,19.4,25.2,17.7,66,0.2,100,8.33,rain,0,0,25.6,13,91.5,1013.5,69.3,16.2,187,16.1,9,30,2023-10-28 6:14:28,2023-10-28 17:57:52,0.48,"Rain, Partially cloudy",Partly cloudy throughout the day with afternoon rain.,rain,"43289099999,43291099999,remote,VOMY,43263099999"
Mandya,2023-10-29,31,19.5,24.5,32.3,19.5,25,18.6,71.2,4,100,25,rain,0,0,22.3,14.8,87.7,1013.1,47.2,16,236.7,20.3,9,30,2023-10-29 6:14:42,2023-10-29 17:57:29,0.5,"Rain, Partially cloudy",Partly cloudy throughout the day with rain.,rain,"43289099999,remote,VOMY"
Mandya,2023-10-30,30,19.9,24.4,31.8,19.9,24.8,19.5,76,2.1,100,33.33,rain,0,0,25.9,16.6,90.1,1013.1,77.2,17.3,228.8,19.7,8,10,2023-10-30 6:14:56,2023-10-30 17:57:07,0.55,"Rain, Partially cloudy",Partly cloudy throughout the day with a chance of rain throughout the day.,rain,"43289099999,remote,VOMY"
Mandya,2023-10-31,30,20.1,24.2,31.3,20.1,24.8,19.7,77.3,13.4,100,50,rain,0,0,22,16.6,73.4,1014.3,75,15.6,147.8,12.7,7,30,2023-10-31 6:15:12,2023-10-31 17:56:46,0.58,"Rain, Partially cloudy",Partly cloudy throughout the day with a chance of rain throughout the day.,rain,"remote,VOMY"
Mandya,2023-11-01,30,20.5,24.8,31.3,20.5,25.3,19.4,74,1.2,100,29.17,rain,0,0,28.4,14.8,61.4,1013.9,70,16.1,221.1,19.2,9,30,2023-11-01 6:15:27,2023-11-01 17:56:25,0.61,"Rain, Partially cloudy",Partly cloudy throughout the day with rain.,rain,"43289099999,43291099999,remote,VOMY"
Mandya,2023-11-02,30,20.2,25,31.8,20.2,25.6,19.5,73.3,1.7,100,16.67,rain,0,0,29.2,16.6,81.6,1013.2,68.6,16.8,250,21.5,9,30,2023-11-02 6:15:44,2023-11-02 17:56:06,0.64,"Rain, Partially cloudy",Partly cloudy throughout the day with rain.,rain,"43289099999,43291099999,remote,VOMY"
Mandya,2023-11-03,31,20.5,25.4,32.9,20.5,26.3,19.9,73.7,2.7,100,37.5,rain,0,0,21.2,13,77.5,1011.5,76.5,16.4,179,15.5,9,30,2023-11-03 6:16:01,2023-11-03 17:55:48,0.67,"Rain, Partially cloudy",Partly cloudy throughout the day with rain.,rain,"43289099999,43291099999,remote,VOMY,43263099999"
Mandya,2023-11-04,30,20.2,23.6,32.5,20.2,24,20.8,85.3,9.6,100,50,rain,0,0,33.1,15.5,61.3,1011.8,83.8,11.7,174.9,15,7,30,2023-11-04 6:16:18,2023-11-04 17:55:30,0.71,"Rain, Partially cloudy",Partly cloudy throughout the day with a chance of rain throughout the day.,rain,"43289099999,remote,VOMY,43263099999"
Mandya,2023-11-05,29,19.9,23.6,31.3,19.9,24.1,20.6,84.2,34.3,100,66.67,rain,0,0,22,13,139.7,1012.8,83.7,11,206.5,17.7,8,30,2023-11-05 6:16:37,2023-11-05 17:55:14,0.75,"Rain, Partially cloudy",Partly cloudy throughout the day with a chance of rain throughout the day.,rain,"43289099999,43291099999,remote,VOMY"
Mandya,2023-11-06,31,19.9,24.7,32.9,19.9,25.3,20.3,78.3,9.7,100,37.5,rain,0,0,22.3,14.4,158.8,1014.4,67.4,13.3,203.4,17.5,8,30,2023-11-06 6:16:56,2023-11-06 17:54:59,0.77,"Rain, Partially cloudy",Partly cloudy throughout the day with rain.,rain,"43289099999,43291099999,remote,VOMY,43263099999"
Mandya,2023-11-07,29,20.2,23.8,30.7,20.2,24.2,20.4,82.3,1.3,100,29.17,rain,0,0,28.4,14.8,105.7,1014.4,81.1,16.8,216.7,18.8,8,30,2023-11-07 6:17:15,2023-11-07 17:54:45,0.8,"Rain, Partially cloudy",Partly cloudy throughout the day with rain.,rain,"43289099999,remote,VOMY"
Mandya,2023-11-08,30,21.1,24.2,32.5,21.1,24.8,20.3,80.1,10.7,100,41.67,rain,0,0,20.2,13,78.3,1013.9,73.2,15.5,188.6,16.2,8,30,2023-11-08 6:17:36,2023-11-08 17:54:32,0.84,"Rain, Partially cloudy",Partly cloudy throughout the day with rain.,rain,"43289099999,43291099999,remote,VOMY"
Mandya,2023-11-09,28,20.9,23.8,30,20.9,24.1,20.6,83.2,6.8,100,50,rain,0,0,16.2,16.6,82.7,1014.5,77.1,13.2,154.6,13.2,7,30,2023-11-09 6:17:57,2023-11-09 17:54:19,0.87,"Rain, Partially cloudy",Partly cloudy throughout the day with a chance of rain throughout the day.,rain,"43289099999,43291099999,remote,VOMY"
Mandya,2023-11-10,28,19.9,23.5,30,19.9,24,20.2,82.5,3.8,100,33.33,rain,0,0,26.6,16.6,82.7,1015.4,54.5,13.3,214.4,18.4,9,30,2023-11-10 6:18:18,2023-11-10 17:54:08,0.9,"Rain, Partially cloudy",Partly cloudy throughout the day with rain.,rain,"43289099999,43291099999,remote,VOMY"
Mandya,2023-11-11,30,19.2,23.9,29.6,19.2,23.8,16.6,67.4,0,0,0,,0,0,33.5,14.8,69.4,1015.8,30.8,16,267.1,23,9,10,2023-11-11 6:18:40,2023-11-11 17:53:59,0.93,Partially cloudy,Partly cloudy throughout the day.,partly-cloudy-day,"43289099999,43291099999,remote,VOMY"
Mandya,2023-11-12,29,16.8,22.6,29.1,16.8,22.6,16.7,72.2,0,0,0,,0,0,26.3,11.2,68.6,1016,75.6,15.6,246.4,21.3,9,10,2023-11-12 6:19:03,2023-11-12 17:53:50,0.96,Partially cloudy,Partly cloudy throughout the day.,partly-cloudy-day,"43289099999,43291099999,remote,VOMY"
Mandya,2023-11-13,28,16.7,22.3,28.7,16.7,22.5,16.7,72.4,0,0,0,,0,0,26.3,18.4,64,1015.4,81.2,15,252.8,21.7,9,10,2023-11-13 6:19:27,2023-11-13 17:53:42,0,Partially cloudy,Partly cloudy throughout the day.,partly-cloudy-day,"43289099999,43291099999,remote,VOMY"
Mandya,2023-11-14,27,18,22.2,27.9,18,22.3,17.3,74.9,0,0,0,,0,0,22.7,18.4,60.5,1014.9,77.4,14.7,169.3,14.6,8,10,2023-11-14 6:19:51,2023-11-14 17:53:36,0.03,Partially cloudy,Partly cloudy throughout the day.,partly-cloudy-day,"43289099999,43291099999,remote,VOMY,43263099999"
Mandya,2023-11-15,29,18.4,23.4,29.8,18.4,23.7,17.6,71.3,0,0,0,,0,0,18,11.2,57.9,1014.3,74.3,15.4,150.8,13.1,8,10,2023-11-15 6:20:15,2023-11-15 17:53:30,0.07,Partially cloudy,Partly cloudy throughout the day.,partly-cloudy-day,"43289099999,43291099999,remote,VOMY"
Mandya,2023-11-16,29,18.5,24,30,18.5,24.1,17.8,70.4,0,0,0,,0,0,15.5,16.6,53.2,1014.3,71,15.1,254.1,21.9,9,10,2023-11-16 6:20:40,2023-11-16 17:53:26,0.1,Partially cloudy,Partly cloudy throughout the day.,partly-cloudy-day,"43289099999,43291099999,remote,VOMY"
Mandya,2023-11-17,30,20.6,25,31.3,20.6,25.5,19.1,70.4,0.2,100,8.33,rain,0,0,18,14.8,72.8,1014,56.4,15.5,207.4,17.9,9,30,2023-11-17 6:21:06,2023-11-17 17:53:23,0.14,"Rain, Partially cloudy",Partly cloudy throughout the day with late afternoon rain.,rain,"43289099999,43291099999,remote,VOMY"
Mandya,2023-11-18,30,19.7,24.6,31.8,19.7,25.1,19.5,75.3,0.2,100,8.33,rain,0,0,28.4,11.2,71.2,1014,66.1,15.3,221.6,19,9,10,2023-11-18 6:21:33,2023-11-18 17:53:21,0.17,"Rain, Partially cloudy",Partly cloudy throughout the day with early morning rain.,rain,"43289099999,43291099999,remote,VOMY"
Mandya,2023-11-19,30,19.2,24,29.6,19.2,24,16.7,66.6,0,0,0,,0,0,31,20.5,86.8,1014.4,64,17.9,209.3,18.2,8,10,2023-11-19 6:21:59,2023-11-19 17:53:20,0.21,Partially cloudy,Clearing in the afternoon.,partly-cloudy-day,"remote,VOMY"
Mandya,2023-11-20,30,18.6,24,30,18.6,24,16.8,67.6,0,0,0,,0,0,27.4,18.4,65,1014.6,69.3,16.3,251,21.7,9,10,2023-11-20 6:22:27,2023-11-20 17:53:20,0.25,Partially cloudy,Partly cloudy throughout the day.,partly-cloudy-day,"43289099999,43291099999,remote,VOMY"
Mandya,2023-11-21,30,19.5,24.7,31.3,19.5,25.3,19.3,73.6,1.6,100,29.17,rain,0,0,28.8,14.8,45.7,1013.7,52.4,15.3,186.3,16.1,8,10,2023-11-21 6:22:55,2023-11-21 17:53:21,0.28,"Rain, Partially cloudy",Partly cloudy throughout the day with rain.,rain,"43289099999,43291099999,remote,VOMY"
Mandya,2023-11-22,30,20.2,24.8,31.8,20.2,25.5,20.3,77.2,2.6,100,29.17,rain,0,0,35.6,15.1,66.1,1012.4,79.4,14.9,181,15.6,7,10,2023-11-22 6:23:23,2023-11-22 17:53:24,0.32,"Rain, Partially cloudy",Partly cloudy throughout the day with rain.,rain,"43289099999,43291099999,remote,VOMY"
Mandya,2023-11-23,28,19.7,23.5,30,19.7,23.9,20.3,83.3,6.9,100,41.67,rain,0,0,32.8,13,86.5,1012.1,83.4,14.4,213.3,18.4,8,30,2023-11-23 6:23:52,2023-11-23 17:53:27,0.35,"Rain, Partially cloudy",Partly cloudy throughout the day with rain.,rain,"43289099999,43291099999,remote,VOMY"
Mandya,2023-11-24,28,19.8,23.6,29.2,19.8,23.8,19.4,79,0.3,100,8.33,rain,0,0,20.2,14.8,87.8,1012.7,70.3,15.5,238.8,20.7,8,10,2023-11-24 6:24:21,2023-11-24 17:53:32,0.39,"Rain, Partially cloudy",Partly cloudy throughout the day with late afternoon rain.,rain,"43289099999,43291099999,remote,VOMY"
Mandya,2023-11-25,30,19.6,23.8,31.3,19.6,24.1,19.3,78.3,4.1,100,33.33,rain,0,0,34.9,20.5,76.5,1013.7,67.2,14.3,201.5,17.4,7,10,2023-11-25 6:24:51,2023-11-25 17:53:38,0.42,"Rain, Partially cloudy",Partly cloudy throughout the day with rain.,rain,"43289099999,remote,VOMY"
Mandya,2023-11-26,28,18.9,23.2,29.6,18.9,23.5,19.1,79.1,1.1,100,12.5,rain,0,0,32,18.4,84.3,1014.7,70.6,16.5,211.5,18.4,8,10,2023-11-26 6:25:21,2023-11-26 17:53:45,0.46,"Rain, Partially cloudy",Partly cloudy throughout the day with rain.,rain,"43289099999,43291099999,remote,VOMY"
Mandya,2023-11-27,29,19.2,23.7,29.8,19.2,24,18.6,75.6,0.1,100,4.17,rain,0,0,29.9,22.3,80.5,1013.6,30.2,17.4,225,19.3,8,10,2023-11-27 6:25:52,2023-11-27 17:53:53,0.5,"Rain, Partially cloudy",Partly cloudy throughout the day with afternoon rain.,rain,"43289099999,remote,VOMY"
Mandya,2023-11-28,30,19.1,23.9,31.3,19.1,24.3,18.7,74.9,0.4,100,12.5,rain,0,0,27,16.6,75.4,1012.9,42.7,16.6,235,20.3,9,10,2023-11-28 6:26:22,2023-11-28 17:54:02,0.53,"Rain, Partially cloudy",Partly cloudy throughout the day with late afternoon rain.,rain,"43289099999,remote,VOMY"
Mandya,2023-11-29,29,18.9,23.5,29.8,18.9,23.8,19,77.9,0.8,100,25,rain,0,0,31.3,14.8,75.3,1013.2,78.5,15.4,215.1,18.6,9,10,2023-11-29 6:26:54,2023-11-29 17:54:13,0.56,"Rain, Partially cloudy",Partly cloudy throughout the day with rain.,rain,"43289099999,43291099999,remote,VOMY"
Mandya,2023-11-30,28,19.3,23.5,29.3,19.3,23.9,19.1,77.7,1,100,29.17,rain,0,0,33.5,14.8,80.1,1014,73.8,15.3,173.7,15,8,10,2023-11-30 6:27:25,2023-11-30 17:54:24,0.59,"Rain, Partially cloudy",Partly cloudy throughout the day with rain.,rain,"43289099999,43291099999,remote,VOMY"
Mandya,2023-12-01,28,18.9,23.2,29.2,18.9,23.4,18.8,77.9,0.6,100,20.83,rain,0,0,25.2,13,56.2,1012.9,50.8,16.6,164.6,14.3,8,10,2023-12-01 6:27:57,2023-12-01 17:54:36,0.62,"Rain, Partially cloudy",Partly cloudy throughout the day with rain.,rain,"43289099999,43291099999,remote,VOMY,43263099999"
Mandya,2023-12-02,29,19.9,23.7,29.8,19.9,23.9,18.7,75.5,1.8,100,37.5,rain,0,0,25.6,14.8,61.9,1012.1,72.1,16,214.7,18.6,8,10,2023-12-02 6:28:29,2023-12-02 17:54:50,0.66,"Rain, Partially cloudy",Partly cloudy throughout the day with rain.,rain,"43289099999,43291099999,remote,VOMY"
Mandya,2023-12-03,28,19.3,23.3,29.6,19.3,23.7,19.5,80.6,4.8,100,41.67,rain,0,0,32.8,16.6,26.6,1011.9,80.3,14.9,164.6,14.1,6,10,2023-12-03 6:29:01,2023-12-03 17:55:04,0.69,"Rain, Partially cloudy",Partly cloudy throughout the day with a chance of rain throughout the day.,rain,"43289099999,43291099999,remote,VOMY,43263099999"
Mandya,2023-12-04,26.1,20,22.8,26.1,20,22.8,19.2,80.9,0.6,100,20.83,rain,0,0,33.8,14,322.9,1011.1,94.3,15.8,86.7,7.6,4,10,2023-12-04 6:29:34,2023-12-04 17:55:20,0.72,"Rain, Overcast",Cloudy skies throughout the day with rain.,rain,"43291099999,remote,VOMY"
Mandya,2023-12-05,30,18.7,23.6,31.3,18.7,23.9,18,72.6,0,0,0,rain,0,0,27.7,13,309.4,1010,94.9,19.9,191.5,16.5,8,10,2023-12-05 6:30:06,2023-12-05 17:55:36,0.75,Overcast,Cloudy skies throughout the day.,cloudy,"remote,VOMY"
Mandya,2023-12-06,32,19.3,25.4,31.8,19.3,25.6,17.2,63.9,0,0,0,,0,0,22.7,11.9,237.7,1011.7,56.7,15.6,235.1,20.1,9,10,2023-12-06 6:30:39,2023-12-06 17:55:53,0.78,Partially cloudy,Partly cloudy throughout the day.,partly-cloudy-day,"remote,VOMY"
Mandya,2023-12-07,31,20.6,25.5,32.3,20.6,25.9,18.8,68.3,0.5,100,16.67,rain,0,0,20.9,10.4,229.8,1012.8,59.6,13.8,176.7,15.3,8,10,2023-12-07 6:31:12,2023-12-07 17:56:12,0.82,"Rain, Partially cloudy",Partly cloudy throughout the day with rain.,rain,"remote,VOMY"
Mandya,2023-12-08,29.3,22,25.2,30.6,22,25.5,19.3,70.5,8.7,100,70.83,rain,0,0,20.2,11.5,160.9,1011.4,75,22.6,174.9,15.2,8,30,2023-12-08 6:31:44,2023-12-08 17:56:31,0.85,"Rain, Partially cloudy",Partly cloudy throughout the day with storms possible.,rain,remote
Mandya,2023-12-09,28.1,20.6,23.6,29.6,20.6,24,20,81.2,1.9,100,37.5,rain,0,0,22.7,14.8,92.3,1012.7,93.1,24.1,169.9,14.7,7,10,2023-12-09 6:32:17,2023-12-09 17:56:51,0.88,"Rain, Overcast",Cloudy skies throughout the day with rain.,rain,
Mandya,2023-12-10,29.1,19.6,23.7,30,19.6,23.9,19,76.7,0.3,90.3,8.33,rain,0,0,25.9,14.8,84.4,1012.1,66.9,24.1,204.5,17.7,8,10,2023-12-10 6:32:50,2023-12-10 17:57:12,0.91,"Rain, Partially cloudy",Partly cloudy throughout the day with rain.,rain,
Mandya,2023-12-11,29,20.2,23.5,29.9,20.2,23.7,18.7,75.5,0.4,35.5,16.67,rain,0,0,25.9,14,86.8,1012,76.5,24,153.5,13.2,8,10,2023-12-11 6:33:23,2023-12-11 17:57:34,0.95,Partially cloudy,Partly cloudy throughout the day.,partly-cloudy-day,
Mandya,2023-12-12,29.2,19,23.4,29,19,23.4,16.8,69.2,0,29,0,rain,0,0,32.4,14.4,77.5,1011.7,79.2,24.1,234.8,20.3,8,10,2023-12-12 6:33:56,2023-12-12 17:57:57,0.98,Partially cloudy,Partly cloudy throughout the day.,partly-cloudy-day,
Mandya,2023-12-13,28.3,17.9,22.2,27.7,17.9,22.2,14.1,62.4,0,29,0,,0,0,29.2,15.5,81.1,1012.7,43.8,24.1,241.5,21,8,10,2023-12-13 6:34:28,2023-12-13 17:58:21,0,Partially cloudy,Becoming cloudy in the afternoon.,partly-cloudy-day,
Mandya,2023-12-14,28,16.8,21.5,27.1,16.8,21.4,12.6,60.3,0,6.5,0,,0,0,20.5,17.6,72.1,1014.2,59.7,24.1,250.9,21.6,8,10,2023-12-14 6:35:01,2023-12-14 17:58:45,0.05,Partially cloudy,Partly cloudy throughout the day.,partly-cloudy-day,
Mandya,2023-12-15,28.7,17.3,22.5,29.1,17.3,22.6,16.8,72,0,6.5,0,,0,0,28.8,15.8,81.8,1014.3,45.7,24.1,216.8,18.9,8,10,2023-12-15 6:35:33,2023-12-15 17:59:11,0.08,Partially cloudy,Partly cloudy throughout the day.,partly-cloudy-day,
Mandya,2023-12-16,29.2,18.2,23.1,29.2,18.2,23.2,16.5,68.2,0,6.5,0,,0,0,24.5,15.5,82.8,1013.5,22.5,24.1,226.6,19.5,8,10,2023-12-16 6:36:05,2023-12-16 17:59:37,0.12,Partially cloudy,Partly cloudy throughout the day.,partly-cloudy-day,
Mandya,2023-12-17,29.1,18.1,23,29.2,18.1,23.1,16.1,66.9,0,12.9,0,,0,0,22.3,16.2,93.7,1012.9,25.3,24.1,218.4,18.9,8,10,2023-12-17 6:36:37,2023-12-17 18:00:03,0.15,Partially cloudy,Partly cloudy throughout the day.,partly-cloudy-day,
Mandya,2023-12-18,29.3,17.7,23.1,29.4,17.7,23.2,16.3,67.1,0,12.9,0,,0,0,25.9,15.1,96.1,1013.8,66.7,24.1,219.1,19.2,8,10,2023-12-18 6:37:08,2023-12-18 18:00:30,0.19,Partially cloudy,Partly cloudy throughout the day.,partly-cloudy-day,
Mandya,2023-12-19,28.9,18.4,23.5,28.8,18.4,23.5,16.2,65,0,6.5,0,,0,0,17.3,11.2,71.4,1013.8,78.8,24.1,217.6,18.3,8,10,2023-12-19 6:37:39,2023-12-19 18:00:58,0.22,Partially cloudy,Partly cloudy throughout the day.,partly-cloudy-day,
Mandya,2023-12-20,28.7,16.8,22.1,28.2,16.8,22.1,15,66.5,0,9.7,0,,0,0,40,18,76.6,1014.8,39.4,24.1,244.3,21.5,8,10,2023-12-20 6:38:10,2023-12-20 18:01:27,0.25,Partially cloudy,Clearing in the afternoon.,partly-cloudy-day,
Mandya,2023-12-21,29.1,15.8,22,29.2,15.8,22,15.8,69.8,0.1,12.9,4.17,rain,0,0,37.8,19.4,85.2,1015.3,39.2,24.1,220.4,19.2,8,10,2023-12-21 6:38:41,2023-12-21 18:01:56,0.3,Partially cloudy,Becoming cloudy in the afternoon.,partly-cloudy-day,
Mandya,2023-12-22,28.3,20.6,23.2,28.8,20.6,23.3,17.2,69.8,0.5,16.1,16.67,rain,0,0,32.4,20.9,86.6,1014.8,72.1,24.1,177.8,15.3,7,10,2023-12-22 6:39:11,2023-12-22 18:02:26,0.33,Partially cloudy,Partly cloudy throughout the day.,partly-cloudy-day,